Earliest Specimen Date,Nation,Pillar,Daily number of positive cases (new methodology),Cumulative number of positive cases (new methodology)
30/01/2020,England,Pillar 1,2,2
30/01/2020,Northern Ireland,Pillar 1,0,0
30/01/2020,Scotland,Pillar 1,0,0
30/01/2020,Wales,Pillar 1,0,0
30/01/2020,UK,Pillar 1,2,2
30/01/2020,England,Pillar 2,0,0
30/01/2020,Northern Ireland,Pillar 2,0,0
30/01/2020,Scotland,Pillar 2,0,0
30/01/2020,Wales,Pillar 2,0,0
30/01/2020,UK,Pillar 2,0,0
31/01/2020,England,Pillar 1,0,2
31/01/2020,Northern Ireland,Pillar 1,0,0
31/01/2020,Scotland,Pillar 1,0,0
31/01/2020,Wales,Pillar 1,0,0
31/01/2020,UK,Pillar 1,0,2
31/01/2020,England,Pillar 2,0,0
31/01/2020,Northern Ireland,Pillar 2,0,0
31/01/2020,Scotland,Pillar 2,0,0
31/01/2020,Wales,Pillar 2,0,0
31/01/2020,UK,Pillar 2,0,0
01/02/2020,England,Pillar 1,0,2
01/02/2020,Northern Ireland,Pillar 1,0,0
01/02/2020,Scotland,Pillar 1,0,0
01/02/2020,Wales,Pillar 1,0,0
01/02/2020,UK,Pillar 1,0,2
01/02/2020,England,Pillar 2,0,0
01/02/2020,Northern Ireland,Pillar 2,0,0
01/02/2020,Scotland,Pillar 2,0,0
01/02/2020,Wales,Pillar 2,0,0
01/02/2020,UK,Pillar 2,0,0
02/02/2020,England,Pillar 1,0,2
02/02/2020,Northern Ireland,Pillar 1,0,0
02/02/2020,Scotland,Pillar 1,0,0
02/02/2020,Wales,Pillar 1,0,0
02/02/2020,UK,Pillar 1,0,2
02/02/2020,England,Pillar 2,0,0
02/02/2020,Northern Ireland,Pillar 2,0,0
02/02/2020,Scotland,Pillar 2,0,0
02/02/2020,Wales,Pillar 2,0,0
02/02/2020,UK,Pillar 2,0,0
03/02/2020,England,Pillar 1,1,3
03/02/2020,Northern Ireland,Pillar 1,0,0
03/02/2020,Scotland,Pillar 1,0,0
03/02/2020,Wales,Pillar 1,0,0
03/02/2020,UK,Pillar 1,1,3
03/02/2020,England,Pillar 2,0,0
03/02/2020,Northern Ireland,Pillar 2,0,0
03/02/2020,Scotland,Pillar 2,0,0
03/02/2020,Wales,Pillar 2,0,0
03/02/2020,UK,Pillar 2,0,0
04/02/2020,England,Pillar 1,0,3
04/02/2020,Northern Ireland,Pillar 1,0,0
04/02/2020,Scotland,Pillar 1,0,0
04/02/2020,Wales,Pillar 1,0,0
04/02/2020,UK,Pillar 1,0,3
04/02/2020,England,Pillar 2,0,0
04/02/2020,Northern Ireland,Pillar 2,0,0
04/02/2020,Scotland,Pillar 2,0,0
04/02/2020,Wales,Pillar 2,0,0
04/02/2020,UK,Pillar 2,0,0
05/02/2020,England,Pillar 1,1,4
05/02/2020,Northern Ireland,Pillar 1,0,0
05/02/2020,Scotland,Pillar 1,0,0
05/02/2020,Wales,Pillar 1,0,0
05/02/2020,UK,Pillar 1,1,4
05/02/2020,England,Pillar 2,0,0
05/02/2020,Northern Ireland,Pillar 2,0,0
05/02/2020,Scotland,Pillar 2,0,0
05/02/2020,Wales,Pillar 2,0,0
05/02/2020,UK,Pillar 2,0,0
06/02/2020,England,Pillar 1,0,4
06/02/2020,Northern Ireland,Pillar 1,0,0
06/02/2020,Scotland,Pillar 1,0,0
06/02/2020,Wales,Pillar 1,0,0
06/02/2020,UK,Pillar 1,0,4
06/02/2020,England,Pillar 2,0,0
06/02/2020,Northern Ireland,Pillar 2,0,0
06/02/2020,Scotland,Pillar 2,0,0
06/02/2020,Wales,Pillar 2,0,0
06/02/2020,UK,Pillar 2,0,0
07/02/2020,England,Pillar 1,0,4
07/02/2020,Northern Ireland,Pillar 1,0,0
07/02/2020,Scotland,Pillar 1,0,0
07/02/2020,Wales,Pillar 1,0,0
07/02/2020,UK,Pillar 1,0,4
07/02/2020,England,Pillar 2,0,0
07/02/2020,Northern Ireland,Pillar 2,0,0
07/02/2020,Scotland,Pillar 2,0,0
07/02/2020,Wales,Pillar 2,0,0
07/02/2020,UK,Pillar 2,0,0
08/02/2020,England,Pillar 1,4,8
08/02/2020,Northern Ireland,Pillar 1,0,0
08/02/2020,Scotland,Pillar 1,0,0
08/02/2020,Wales,Pillar 1,0,0
08/02/2020,UK,Pillar 1,4,8
08/02/2020,England,Pillar 2,0,0
08/02/2020,Northern Ireland,Pillar 2,0,0
08/02/2020,Scotland,Pillar 2,0,0
08/02/2020,Wales,Pillar 2,0,0
08/02/2020,UK,Pillar 2,0,0
09/02/2020,England,Pillar 1,1,9
09/02/2020,Northern Ireland,Pillar 1,0,0
09/02/2020,Scotland,Pillar 1,0,0
09/02/2020,Wales,Pillar 1,0,0
09/02/2020,UK,Pillar 1,1,9
09/02/2020,England,Pillar 2,0,0
09/02/2020,Northern Ireland,Pillar 2,0,0
09/02/2020,Scotland,Pillar 2,0,0
09/02/2020,Wales,Pillar 2,0,0
09/02/2020,UK,Pillar 2,0,0
10/02/2020,England,Pillar 1,0,9
10/02/2020,Northern Ireland,Pillar 1,0,0
10/02/2020,Scotland,Pillar 1,0,0
10/02/2020,Wales,Pillar 1,0,0
10/02/2020,UK,Pillar 1,0,9
10/02/2020,England,Pillar 2,0,0
10/02/2020,Northern Ireland,Pillar 2,0,0
10/02/2020,Scotland,Pillar 2,0,0
10/02/2020,Wales,Pillar 2,0,0
10/02/2020,UK,Pillar 2,0,0
11/02/2020,England,Pillar 1,1,10
11/02/2020,Northern Ireland,Pillar 1,0,0
11/02/2020,Scotland,Pillar 1,0,0
11/02/2020,Wales,Pillar 1,0,0
11/02/2020,UK,Pillar 1,1,10
11/02/2020,England,Pillar 2,0,0
11/02/2020,Northern Ireland,Pillar 2,0,0
11/02/2020,Scotland,Pillar 2,0,0
11/02/2020,Wales,Pillar 2,0,0
11/02/2020,UK,Pillar 2,0,0
12/02/2020,England,Pillar 1,0,10
12/02/2020,Northern Ireland,Pillar 1,0,0
12/02/2020,Scotland,Pillar 1,0,0
12/02/2020,Wales,Pillar 1,0,0
12/02/2020,UK,Pillar 1,0,10
12/02/2020,England,Pillar 2,0,0
12/02/2020,Northern Ireland,Pillar 2,0,0
12/02/2020,Scotland,Pillar 2,0,0
12/02/2020,Wales,Pillar 2,0,0
12/02/2020,UK,Pillar 2,0,0
13/02/2020,England,Pillar 1,0,10
13/02/2020,Northern Ireland,Pillar 1,0,0
13/02/2020,Scotland,Pillar 1,0,0
13/02/2020,Wales,Pillar 1,0,0
13/02/2020,UK,Pillar 1,0,10
13/02/2020,England,Pillar 2,0,0
13/02/2020,Northern Ireland,Pillar 2,0,0
13/02/2020,Scotland,Pillar 2,0,0
13/02/2020,Wales,Pillar 2,0,0
13/02/2020,UK,Pillar 2,0,0
14/02/2020,England,Pillar 1,0,10
14/02/2020,Northern Ireland,Pillar 1,0,0
14/02/2020,Scotland,Pillar 1,0,0
14/02/2020,Wales,Pillar 1,0,0
14/02/2020,UK,Pillar 1,0,10
14/02/2020,England,Pillar 2,0,0
14/02/2020,Northern Ireland,Pillar 2,0,0
14/02/2020,Scotland,Pillar 2,0,0
14/02/2020,Wales,Pillar 2,0,0
14/02/2020,UK,Pillar 2,0,0
15/02/2020,England,Pillar 1,0,10
15/02/2020,Northern Ireland,Pillar 1,0,0
15/02/2020,Scotland,Pillar 1,0,0
15/02/2020,Wales,Pillar 1,0,0
15/02/2020,UK,Pillar 1,0,10
15/02/2020,England,Pillar 2,0,0
15/02/2020,Northern Ireland,Pillar 2,0,0
15/02/2020,Scotland,Pillar 2,0,0
15/02/2020,Wales,Pillar 2,0,0
15/02/2020,UK,Pillar 2,0,0
16/02/2020,England,Pillar 1,0,10
16/02/2020,Northern Ireland,Pillar 1,0,0
16/02/2020,Scotland,Pillar 1,0,0
16/02/2020,Wales,Pillar 1,0,0
16/02/2020,UK,Pillar 1,0,10
16/02/2020,England,Pillar 2,0,0
16/02/2020,Northern Ireland,Pillar 2,0,0
16/02/2020,Scotland,Pillar 2,0,0
16/02/2020,Wales,Pillar 2,0,0
16/02/2020,UK,Pillar 2,0,0
17/02/2020,England,Pillar 1,0,10
17/02/2020,Northern Ireland,Pillar 1,0,0
17/02/2020,Scotland,Pillar 1,0,0
17/02/2020,Wales,Pillar 1,0,0
17/02/2020,UK,Pillar 1,0,10
17/02/2020,England,Pillar 2,0,0
17/02/2020,Northern Ireland,Pillar 2,0,0
17/02/2020,Scotland,Pillar 2,0,0
17/02/2020,Wales,Pillar 2,0,0
17/02/2020,UK,Pillar 2,0,0
18/02/2020,England,Pillar 1,0,10
18/02/2020,Northern Ireland,Pillar 1,0,0
18/02/2020,Scotland,Pillar 1,0,0
18/02/2020,Wales,Pillar 1,0,0
18/02/2020,UK,Pillar 1,0,10
18/02/2020,England,Pillar 2,0,0
18/02/2020,Northern Ireland,Pillar 2,0,0
18/02/2020,Scotland,Pillar 2,0,0
18/02/2020,Wales,Pillar 2,0,0
18/02/2020,UK,Pillar 2,0,0
19/02/2020,England,Pillar 1,0,10
19/02/2020,Northern Ireland,Pillar 1,0,0
19/02/2020,Scotland,Pillar 1,0,0
19/02/2020,Wales,Pillar 1,0,0
19/02/2020,UK,Pillar 1,0,10
19/02/2020,England,Pillar 2,0,0
19/02/2020,Northern Ireland,Pillar 2,0,0
19/02/2020,Scotland,Pillar 2,0,0
19/02/2020,Wales,Pillar 2,0,0
19/02/2020,UK,Pillar 2,0,0
20/02/2020,England,Pillar 1,0,10
20/02/2020,Northern Ireland,Pillar 1,0,0
20/02/2020,Scotland,Pillar 1,0,0
20/02/2020,Wales,Pillar 1,0,0
20/02/2020,UK,Pillar 1,0,10
20/02/2020,England,Pillar 2,0,0
20/02/2020,Northern Ireland,Pillar 2,0,0
20/02/2020,Scotland,Pillar 2,0,0
20/02/2020,Wales,Pillar 2,0,0
20/02/2020,UK,Pillar 2,0,0
21/02/2020,England,Pillar 1,1,11
21/02/2020,Northern Ireland,Pillar 1,0,0
21/02/2020,Scotland,Pillar 1,0,0
21/02/2020,Wales,Pillar 1,0,0
21/02/2020,UK,Pillar 1,1,11
21/02/2020,England,Pillar 2,0,0
21/02/2020,Northern Ireland,Pillar 2,0,0
21/02/2020,Scotland,Pillar 2,0,0
21/02/2020,Wales,Pillar 2,0,0
21/02/2020,UK,Pillar 2,0,0
22/02/2020,England,Pillar 1,0,11
22/02/2020,Northern Ireland,Pillar 1,0,0
22/02/2020,Scotland,Pillar 1,0,0
22/02/2020,Wales,Pillar 1,0,0
22/02/2020,UK,Pillar 1,0,11
22/02/2020,England,Pillar 2,0,0
22/02/2020,Northern Ireland,Pillar 2,0,0
22/02/2020,Scotland,Pillar 2,0,0
22/02/2020,Wales,Pillar 2,0,0
22/02/2020,UK,Pillar 2,0,0
23/02/2020,England,Pillar 1,0,11
23/02/2020,Northern Ireland,Pillar 1,0,0
23/02/2020,Scotland,Pillar 1,0,0
23/02/2020,Wales,Pillar 1,0,0
23/02/2020,UK,Pillar 1,0,11
23/02/2020,England,Pillar 2,0,0
23/02/2020,Northern Ireland,Pillar 2,0,0
23/02/2020,Scotland,Pillar 2,0,0
23/02/2020,Wales,Pillar 2,0,0
23/02/2020,UK,Pillar 2,0,0
24/02/2020,England,Pillar 1,2,13
24/02/2020,Northern Ireland,Pillar 1,0,0
24/02/2020,Scotland,Pillar 1,0,0
24/02/2020,Wales,Pillar 1,0,0
24/02/2020,UK,Pillar 1,2,13
24/02/2020,England,Pillar 2,0,0
24/02/2020,Northern Ireland,Pillar 2,0,0
24/02/2020,Scotland,Pillar 2,0,0
24/02/2020,Wales,Pillar 2,0,0
24/02/2020,UK,Pillar 2,0,0
25/02/2020,England,Pillar 1,5,18
25/02/2020,Northern Ireland,Pillar 1,0,0
25/02/2020,Scotland,Pillar 1,0,0
25/02/2020,Wales,Pillar 1,0,0
25/02/2020,UK,Pillar 1,5,18
25/02/2020,England,Pillar 2,0,0
25/02/2020,Northern Ireland,Pillar 2,0,0
25/02/2020,Scotland,Pillar 2,0,0
25/02/2020,Wales,Pillar 2,0,0
25/02/2020,UK,Pillar 2,0,0
26/02/2020,England,Pillar 1,4,22
26/02/2020,Northern Ireland,Pillar 1,0,0
26/02/2020,Scotland,Pillar 1,0,0
26/02/2020,Wales,Pillar 1,0,0
26/02/2020,UK,Pillar 1,4,22
26/02/2020,England,Pillar 2,0,0
26/02/2020,Northern Ireland,Pillar 2,0,0
26/02/2020,Scotland,Pillar 2,0,0
26/02/2020,Wales,Pillar 2,0,0
26/02/2020,UK,Pillar 2,0,0
27/02/2020,England,Pillar 1,7,29
27/02/2020,Northern Ireland,Pillar 1,0,0
27/02/2020,Scotland,Pillar 1,0,0
27/02/2020,Wales,Pillar 1,1,1
27/02/2020,UK,Pillar 1,8,30
27/02/2020,England,Pillar 2,0,0
27/02/2020,Northern Ireland,Pillar 2,0,0
27/02/2020,Scotland,Pillar 2,0,0
27/02/2020,Wales,Pillar 2,0,0
27/02/2020,UK,Pillar 2,0,0
28/02/2020,England,Pillar 1,11,40
28/02/2020,Northern Ireland,Pillar 1,0,0
28/02/2020,Scotland,Pillar 1,1,1
28/02/2020,Wales,Pillar 1,0,1
28/02/2020,UK,Pillar 1,12,42
28/02/2020,England,Pillar 2,0,0
28/02/2020,Northern Ireland,Pillar 2,0,0
28/02/2020,Scotland,Pillar 2,0,0
28/02/2020,Wales,Pillar 2,0,0
28/02/2020,UK,Pillar 2,0,0
29/02/2020,England,Pillar 1,5,45
29/02/2020,Northern Ireland,Pillar 1,0,0
29/02/2020,Scotland,Pillar 1,0,1
29/02/2020,Wales,Pillar 1,0,1
29/02/2020,UK,Pillar 1,5,47
29/02/2020,England,Pillar 2,0,0
29/02/2020,Northern Ireland,Pillar 2,0,0
29/02/2020,Scotland,Pillar 2,0,0
29/02/2020,Wales,Pillar 2,0,0
29/02/2020,UK,Pillar 2,0,0
01/03/2020,England,Pillar 1,20,65
01/03/2020,Northern Ireland,Pillar 1,0,0
01/03/2020,Scotland,Pillar 1,2,3
01/03/2020,Wales,Pillar 1,0,1
01/03/2020,UK,Pillar 1,22,69
01/03/2020,England,Pillar 2,0,0
01/03/2020,Northern Ireland,Pillar 2,0,0
01/03/2020,Scotland,Pillar 2,0,0
01/03/2020,Wales,Pillar 2,0,0
01/03/2020,UK,Pillar 2,0,0
02/03/2020,England,Pillar 1,39,104
02/03/2020,Northern Ireland,Pillar 1,0,0
02/03/2020,Scotland,Pillar 1,1,4
02/03/2020,Wales,Pillar 1,0,1
02/03/2020,UK,Pillar 1,40,109
02/03/2020,England,Pillar 2,0,0
02/03/2020,Northern Ireland,Pillar 2,0,0
02/03/2020,Scotland,Pillar 2,0,0
02/03/2020,Wales,Pillar 2,0,0
02/03/2020,UK,Pillar 2,0,0
03/03/2020,England,Pillar 1,53,157
03/03/2020,Northern Ireland,Pillar 1,0,0
03/03/2020,Scotland,Pillar 1,3,7
03/03/2020,Wales,Pillar 1,0,1
03/03/2020,UK,Pillar 1,56,165
03/03/2020,England,Pillar 2,0,0
03/03/2020,Northern Ireland,Pillar 2,0,0
03/03/2020,Scotland,Pillar 2,0,0
03/03/2020,Wales,Pillar 2,0,0
03/03/2020,UK,Pillar 2,0,0
04/03/2020,England,Pillar 1,49,206
04/03/2020,Northern Ireland,Pillar 1,0,0
04/03/2020,Scotland,Pillar 1,6,13
04/03/2020,Wales,Pillar 1,1,2
04/03/2020,UK,Pillar 1,56,221
04/03/2020,England,Pillar 2,0,0
04/03/2020,Northern Ireland,Pillar 2,0,0
04/03/2020,Scotland,Pillar 2,0,0
04/03/2020,Wales,Pillar 2,0,0
04/03/2020,UK,Pillar 2,0,0
05/03/2020,England,Pillar 1,47,253
05/03/2020,Northern Ireland,Pillar 1,2,2
05/03/2020,Scotland,Pillar 1,2,15
05/03/2020,Wales,Pillar 1,0,2
05/03/2020,UK,Pillar 1,51,272
05/03/2020,England,Pillar 2,0,0
05/03/2020,Northern Ireland,Pillar 2,0,0
05/03/2020,Scotland,Pillar 2,0,0
05/03/2020,Wales,Pillar 2,0,0
05/03/2020,UK,Pillar 2,0,0
06/03/2020,England,Pillar 1,73,326
06/03/2020,Northern Ireland,Pillar 1,2,4
06/03/2020,Scotland,Pillar 1,6,21
06/03/2020,Wales,Pillar 1,0,2
06/03/2020,UK,Pillar 1,81,353
06/03/2020,England,Pillar 2,0,0
06/03/2020,Northern Ireland,Pillar 2,0,0
06/03/2020,Scotland,Pillar 2,0,0
06/03/2020,Wales,Pillar 2,0,0
06/03/2020,UK,Pillar 2,0,0
07/03/2020,England,Pillar 1,47,373
07/03/2020,Northern Ireland,Pillar 1,5,9
07/03/2020,Scotland,Pillar 1,6,27
07/03/2020,Wales,Pillar 1,2,4
07/03/2020,UK,Pillar 1,60,413
07/03/2020,England,Pillar 2,0,0
07/03/2020,Northern Ireland,Pillar 2,0,0
07/03/2020,Scotland,Pillar 2,0,0
07/03/2020,Wales,Pillar 2,0,0
07/03/2020,UK,Pillar 2,0,0
08/03/2020,England,Pillar 1,50,423
08/03/2020,Northern Ireland,Pillar 1,3,12
08/03/2020,Scotland,Pillar 1,3,30
08/03/2020,Wales,Pillar 1,1,5
08/03/2020,UK,Pillar 1,57,470
08/03/2020,England,Pillar 2,0,0
08/03/2020,Northern Ireland,Pillar 2,0,0
08/03/2020,Scotland,Pillar 2,0,0
08/03/2020,Wales,Pillar 2,0,0
08/03/2020,UK,Pillar 2,0,0
09/03/2020,England,Pillar 1,124,547
09/03/2020,Northern Ireland,Pillar 1,3,15
09/03/2020,Scotland,Pillar 1,18,48
09/03/2020,Wales,Pillar 1,3,8
09/03/2020,UK,Pillar 1,148,618
09/03/2020,England,Pillar 2,0,0
09/03/2020,Northern Ireland,Pillar 2,0,0
09/03/2020,Scotland,Pillar 2,0,0
09/03/2020,Wales,Pillar 2,0,0
09/03/2020,UK,Pillar 2,0,0
10/03/2020,England,Pillar 1,223,770
10/03/2020,Northern Ireland,Pillar 1,5,20
10/03/2020,Scotland,Pillar 1,19,67
10/03/2020,Wales,Pillar 1,12,20
10/03/2020,UK,Pillar 1,259,877
10/03/2020,England,Pillar 2,0,0
10/03/2020,Northern Ireland,Pillar 2,0,0
10/03/2020,Scotland,Pillar 2,0,0
10/03/2020,Wales,Pillar 2,0,0
10/03/2020,UK,Pillar 2,0,0
11/03/2020,England,Pillar 1,353,1123
11/03/2020,Northern Ireland,Pillar 1,11,31
11/03/2020,Scotland,Pillar 1,27,94
11/03/2020,Wales,Pillar 1,15,35
11/03/2020,UK,Pillar 1,406,1283
11/03/2020,England,Pillar 2,0,0
11/03/2020,Northern Ireland,Pillar 2,0,0
11/03/2020,Scotland,Pillar 2,0,0
11/03/2020,Wales,Pillar 2,0,0
11/03/2020,UK,Pillar 2,0,0
12/03/2020,England,Pillar 1,415,1538
12/03/2020,Northern Ireland,Pillar 1,4,35
12/03/2020,Scotland,Pillar 1,40,134
12/03/2020,Wales,Pillar 1,25,60
12/03/2020,UK,Pillar 1,484,1767
12/03/2020,England,Pillar 2,0,0
12/03/2020,Northern Ireland,Pillar 2,0,0
12/03/2020,Scotland,Pillar 2,0,0
12/03/2020,Wales,Pillar 2,0,0
12/03/2020,UK,Pillar 2,0,0
13/03/2020,England,Pillar 1,392,1930
13/03/2020,Northern Ireland,Pillar 1,11,46
13/03/2020,Scotland,Pillar 1,47,181
13/03/2020,Wales,Pillar 1,28,88
13/03/2020,UK,Pillar 1,478,2245
13/03/2020,England,Pillar 2,0,0
13/03/2020,Northern Ireland,Pillar 2,0,0
13/03/2020,Scotland,Pillar 2,0,0
13/03/2020,Wales,Pillar 2,0,0
13/03/2020,UK,Pillar 2,0,0
14/03/2020,England,Pillar 1,314,2244
14/03/2020,Northern Ireland,Pillar 1,10,56
14/03/2020,Scotland,Pillar 1,18,199
14/03/2020,Wales,Pillar 1,19,107
14/03/2020,UK,Pillar 1,361,2606
14/03/2020,England,Pillar 2,0,0
14/03/2020,Northern Ireland,Pillar 2,0,0
14/03/2020,Scotland,Pillar 2,0,0
14/03/2020,Wales,Pillar 2,0,0
14/03/2020,UK,Pillar 2,0,0
15/03/2020,England,Pillar 1,397,2641
15/03/2020,Northern Ireland,Pillar 1,2,58
15/03/2020,Scotland,Pillar 1,11,210
15/03/2020,Wales,Pillar 1,32,139
15/03/2020,UK,Pillar 1,442,3048
15/03/2020,England,Pillar 2,0,0
15/03/2020,Northern Ireland,Pillar 2,0,0
15/03/2020,Scotland,Pillar 2,0,0
15/03/2020,Wales,Pillar 2,0,0
15/03/2020,UK,Pillar 2,0,0
16/03/2020,England,Pillar 1,547,3188
16/03/2020,Northern Ireland,Pillar 1,8,66
16/03/2020,Scotland,Pillar 1,21,231
16/03/2020,Wales,Pillar 1,37,176
16/03/2020,UK,Pillar 1,613,3661
16/03/2020,England,Pillar 2,0,0
16/03/2020,Northern Ireland,Pillar 2,0,0
16/03/2020,Scotland,Pillar 2,0,0
16/03/2020,Wales,Pillar 2,0,0
16/03/2020,UK,Pillar 2,0,0
17/03/2020,England,Pillar 1,679,3867
17/03/2020,Northern Ireland,Pillar 1,9,75
17/03/2020,Scotland,Pillar 1,43,274
17/03/2020,Wales,Pillar 1,37,213
17/03/2020,UK,Pillar 1,768,4429
17/03/2020,England,Pillar 2,0,0
17/03/2020,Northern Ireland,Pillar 2,0,0
17/03/2020,Scotland,Pillar 2,0,0
17/03/2020,Wales,Pillar 2,0,0
17/03/2020,UK,Pillar 2,0,0
18/03/2020,England,Pillar 1,909,4776
18/03/2020,Northern Ireland,Pillar 1,13,88
18/03/2020,Scotland,Pillar 1,41,315
18/03/2020,Wales,Pillar 1,36,249
18/03/2020,UK,Pillar 1,999,5428
18/03/2020,England,Pillar 2,0,0
18/03/2020,Northern Ireland,Pillar 2,0,0
18/03/2020,Scotland,Pillar 2,0,0
18/03/2020,Wales,Pillar 2,0,0
18/03/2020,UK,Pillar 2,0,0
19/03/2020,England,Pillar 1,931,5707
19/03/2020,Northern Ireland,Pillar 1,14,102
19/03/2020,Scotland,Pillar 1,50,365
19/03/2020,Wales,Pillar 1,60,309
19/03/2020,UK,Pillar 1,1055,6483
19/03/2020,England,Pillar 2,0,0
19/03/2020,Northern Ireland,Pillar 2,0,0
19/03/2020,Scotland,Pillar 2,0,0
19/03/2020,Wales,Pillar 2,0,0
19/03/2020,UK,Pillar 2,0,0
20/03/2020,England,Pillar 1,1081,6788
20/03/2020,Northern Ireland,Pillar 1,17,119
20/03/2020,Scotland,Pillar 1,82,447
20/03/2020,Wales,Pillar 1,73,382
20/03/2020,UK,Pillar 1,1253,7736
20/03/2020,England,Pillar 2,0,0
20/03/2020,Northern Ireland,Pillar 2,0,0
20/03/2020,Scotland,Pillar 2,0,0
20/03/2020,Wales,Pillar 2,0,0
20/03/2020,UK,Pillar 2,0,0
21/03/2020,England,Pillar 1,1035,7823
21/03/2020,Northern Ireland,Pillar 1,21,140
21/03/2020,Scotland,Pillar 1,66,513
21/03/2020,Wales,Pillar 1,75,457
21/03/2020,UK,Pillar 1,1197,8933
21/03/2020,England,Pillar 2,0,0
21/03/2020,Northern Ireland,Pillar 2,0,0
21/03/2020,Scotland,Pillar 2,0,0
21/03/2020,Wales,Pillar 2,0,0
21/03/2020,UK,Pillar 2,0,0
22/03/2020,England,Pillar 1,1210,9033
22/03/2020,Northern Ireland,Pillar 1,18,158
22/03/2020,Scotland,Pillar 1,75,588
22/03/2020,Wales,Pillar 1,76,533
22/03/2020,UK,Pillar 1,1379,10312
22/03/2020,England,Pillar 2,0,0
22/03/2020,Northern Ireland,Pillar 2,0,0
22/03/2020,Scotland,Pillar 2,0,0
22/03/2020,Wales,Pillar 2,0,0
22/03/2020,UK,Pillar 2,0,0
23/03/2020,England,Pillar 1,2020,11053
23/03/2020,Northern Ireland,Pillar 1,41,199
23/03/2020,Scotland,Pillar 1,145,733
23/03/2020,Wales,Pillar 1,133,666
23/03/2020,UK,Pillar 1,2339,12651
23/03/2020,England,Pillar 2,0,0
23/03/2020,Northern Ireland,Pillar 2,0,0
23/03/2020,Scotland,Pillar 2,0,0
23/03/2020,Wales,Pillar 2,0,0
23/03/2020,UK,Pillar 2,0,0
24/03/2020,England,Pillar 1,2025,13078
24/03/2020,Northern Ireland,Pillar 1,41,240
24/03/2020,Scotland,Pillar 1,169,902
24/03/2020,Wales,Pillar 1,141,807
24/03/2020,UK,Pillar 1,2376,15027
24/03/2020,England,Pillar 2,0,0
24/03/2020,Northern Ireland,Pillar 2,0,0
24/03/2020,Scotland,Pillar 2,0,0
24/03/2020,Wales,Pillar 2,0,0
24/03/2020,UK,Pillar 2,0,0
25/03/2020,England,Pillar 1,2263,15341
25/03/2020,Northern Ireland,Pillar 1,57,297
25/03/2020,Scotland,Pillar 1,181,1083
25/03/2020,Wales,Pillar 1,190,997
25/03/2020,UK,Pillar 1,2691,17718
25/03/2020,England,Pillar 2,0,0
25/03/2020,Northern Ireland,Pillar 2,0,0
25/03/2020,Scotland,Pillar 2,0,0
25/03/2020,Wales,Pillar 2,0,0
25/03/2020,UK,Pillar 2,0,0
26/03/2020,England,Pillar 1,2614,17955
26/03/2020,Northern Ireland,Pillar 1,76,373
26/03/2020,Scotland,Pillar 1,221,1304
26/03/2020,Wales,Pillar 1,177,1174
26/03/2020,UK,Pillar 1,3088,20806
26/03/2020,England,Pillar 2,0,0
26/03/2020,Northern Ireland,Pillar 2,0,0
26/03/2020,Scotland,Pillar 2,0,0
26/03/2020,Wales,Pillar 2,0,0
26/03/2020,UK,Pillar 2,0,0
27/03/2020,England,Pillar 1,2661,20616
27/03/2020,Northern Ireland,Pillar 1,68,441
27/03/2020,Scotland,Pillar 1,274,1578
27/03/2020,Wales,Pillar 1,193,1367
27/03/2020,UK,Pillar 1,3196,24002
27/03/2020,England,Pillar 2,0,0
27/03/2020,Northern Ireland,Pillar 2,0,0
27/03/2020,Scotland,Pillar 2,0,0
27/03/2020,Wales,Pillar 2,0,0
27/03/2020,UK,Pillar 2,0,0
28/03/2020,England,Pillar 1,2377,22993
28/03/2020,Northern Ireland,Pillar 1,76,517
28/03/2020,Scotland,Pillar 1,205,1783
28/03/2020,Wales,Pillar 1,167,1534
28/03/2020,UK,Pillar 1,2825,26827
28/03/2020,England,Pillar 2,0,0
28/03/2020,Northern Ireland,Pillar 2,0,0
28/03/2020,Scotland,Pillar 2,0,0
28/03/2020,Wales,Pillar 2,0,0
28/03/2020,UK,Pillar 2,0,0
29/03/2020,England,Pillar 1,2438,25431
29/03/2020,Northern Ireland,Pillar 1,62,579
29/03/2020,Scotland,Pillar 1,197,1980
29/03/2020,Wales,Pillar 1,159,1693
29/03/2020,UK,Pillar 1,2856,29683
29/03/2020,England,Pillar 2,4,4
29/03/2020,Northern Ireland,Pillar 2,0,0
29/03/2020,Scotland,Pillar 2,0,0
29/03/2020,Wales,Pillar 2,0,0
29/03/2020,UK,Pillar 2,4,4
30/03/2020,England,Pillar 1,3519,28950
30/03/2020,Northern Ireland,Pillar 1,84,663
30/03/2020,Scotland,Pillar 1,321,2301
30/03/2020,Wales,Pillar 1,343,2036
30/03/2020,UK,Pillar 1,4267,33950
30/03/2020,England,Pillar 2,8,12
30/03/2020,Northern Ireland,Pillar 2,0,0
30/03/2020,Scotland,Pillar 2,0,0
30/03/2020,Wales,Pillar 2,0,0
30/03/2020,UK,Pillar 2,8,12
31/03/2020,England,Pillar 1,3766,32716
31/03/2020,Northern Ireland,Pillar 1,112,775
31/03/2020,Scotland,Pillar 1,340,2641
31/03/2020,Wales,Pillar 1,277,2313
31/03/2020,UK,Pillar 1,4495,38445
31/03/2020,England,Pillar 2,20,32
31/03/2020,Northern Ireland,Pillar 2,0,0
31/03/2020,Scotland,Pillar 2,0,0
31/03/2020,Wales,Pillar 2,0,0
31/03/2020,UK,Pillar 2,20,32
01/04/2020,England,Pillar 1,4085,36801
01/04/2020,Northern Ireland,Pillar 1,103,878
01/04/2020,Scotland,Pillar 1,384,3025
01/04/2020,Wales,Pillar 1,327,2640
01/04/2020,UK,Pillar 1,4899,43344
01/04/2020,England,Pillar 2,18,50
01/04/2020,Northern Ireland,Pillar 2,0,0
01/04/2020,Scotland,Pillar 2,0,0
01/04/2020,Wales,Pillar 2,0,0
01/04/2020,UK,Pillar 2,18,50
02/04/2020,England,Pillar 1,4016,40817
02/04/2020,Northern Ireland,Pillar 1,105,983
02/04/2020,Scotland,Pillar 1,355,3380
02/04/2020,Wales,Pillar 1,336,2976
02/04/2020,UK,Pillar 1,4812,48156
02/04/2020,England,Pillar 2,57,107
02/04/2020,Northern Ireland,Pillar 2,0,0
02/04/2020,Scotland,Pillar 2,0,0
02/04/2020,Wales,Pillar 2,0,0
02/04/2020,UK,Pillar 2,57,107
03/04/2020,England,Pillar 1,4051,44868
03/04/2020,Northern Ireland,Pillar 1,103,1086
03/04/2020,Scotland,Pillar 1,379,3759
03/04/2020,Wales,Pillar 1,330,3306
03/04/2020,UK,Pillar 1,4863,53019
03/04/2020,England,Pillar 2,50,157
03/04/2020,Northern Ireland,Pillar 2,0,0
03/04/2020,Scotland,Pillar 2,0,0
03/04/2020,Wales,Pillar 2,0,0
03/04/2020,UK,Pillar 2,50,157
04/04/2020,England,Pillar 1,3324,48192
04/04/2020,Northern Ireland,Pillar 1,87,1173
04/04/2020,Scotland,Pillar 1,259,4018
04/04/2020,Wales,Pillar 1,282,3588
04/04/2020,UK,Pillar 1,3952,56971
04/04/2020,England,Pillar 2,64,221
04/04/2020,Northern Ireland,Pillar 2,0,0
04/04/2020,Scotland,Pillar 2,1,1
04/04/2020,Wales,Pillar 2,0,0
04/04/2020,UK,Pillar 2,65,222
05/04/2020,England,Pillar 1,3029,51221
05/04/2020,Northern Ireland,Pillar 1,61,1234
05/04/2020,Scotland,Pillar 1,225,4243
05/04/2020,Wales,Pillar 1,223,3811
05/04/2020,UK,Pillar 1,3538,60509
05/04/2020,England,Pillar 2,53,274
05/04/2020,Northern Ireland,Pillar 2,0,0
05/04/2020,Scotland,Pillar 2,0,1
05/04/2020,Wales,Pillar 2,0,0
05/04/2020,UK,Pillar 2,53,275
06/04/2020,England,Pillar 1,4333,55554
06/04/2020,Northern Ireland,Pillar 1,106,1340
06/04/2020,Scotland,Pillar 1,404,4647
06/04/2020,Wales,Pillar 1,383,4194
06/04/2020,UK,Pillar 1,5226,65735
06/04/2020,England,Pillar 2,57,331
06/04/2020,Northern Ireland,Pillar 2,0,0
06/04/2020,Scotland,Pillar 2,0,1
06/04/2020,Wales,Pillar 2,0,0
06/04/2020,UK,Pillar 2,57,332
07/04/2020,England,Pillar 1,4473,60027
07/04/2020,Northern Ireland,Pillar 1,131,1471
07/04/2020,Scotland,Pillar 1,351,4998
07/04/2020,Wales,Pillar 1,386,4580
07/04/2020,UK,Pillar 1,5341,71076
07/04/2020,England,Pillar 2,105,436
07/04/2020,Northern Ireland,Pillar 2,0,0
07/04/2020,Scotland,Pillar 2,0,1
07/04/2020,Wales,Pillar 2,0,0
07/04/2020,UK,Pillar 2,105,437
08/04/2020,England,Pillar 1,4239,64266
08/04/2020,Northern Ireland,Pillar 1,103,1574
08/04/2020,Scotland,Pillar 1,343,5341
08/04/2020,Wales,Pillar 1,386,4966
08/04/2020,UK,Pillar 1,5071,76147
08/04/2020,England,Pillar 2,62,498
08/04/2020,Northern Ireland,Pillar 2,0,0
08/04/2020,Scotland,Pillar 2,0,1
08/04/2020,Wales,Pillar 2,0,0
08/04/2020,UK,Pillar 2,62,499
09/04/2020,England,Pillar 1,4017,68283
09/04/2020,Northern Ireland,Pillar 1,101,1675
09/04/2020,Scotland,Pillar 1,301,5642
09/04/2020,Wales,Pillar 1,391,5357
09/04/2020,UK,Pillar 1,4810,80957
09/04/2020,England,Pillar 2,46,544
09/04/2020,Northern Ireland,Pillar 2,0,0
09/04/2020,Scotland,Pillar 2,0,1
09/04/2020,Wales,Pillar 2,0,0
09/04/2020,UK,Pillar 2,46,545
10/04/2020,England,Pillar 1,3506,71789
10/04/2020,Northern Ireland,Pillar 1,96,1771
10/04/2020,Scotland,Pillar 1,329,5971
10/04/2020,Wales,Pillar 1,308,5665
10/04/2020,UK,Pillar 1,4239,85196
10/04/2020,England,Pillar 2,73,617
10/04/2020,Northern Ireland,Pillar 2,0,0
10/04/2020,Scotland,Pillar 2,0,1
10/04/2020,Wales,Pillar 2,0,0
10/04/2020,UK,Pillar 2,73,618
11/04/2020,England,Pillar 1,3005,74794
11/04/2020,Northern Ireland,Pillar 1,67,1838
11/04/2020,Scotland,Pillar 1,185,6156
11/04/2020,Wales,Pillar 1,247,5912
11/04/2020,UK,Pillar 1,3504,88700
11/04/2020,England,Pillar 2,74,691
11/04/2020,Northern Ireland,Pillar 2,0,0
11/04/2020,Scotland,Pillar 2,0,1
11/04/2020,Wales,Pillar 2,0,0
11/04/2020,UK,Pillar 2,74,692
12/04/2020,England,Pillar 1,2699,77493
12/04/2020,Northern Ireland,Pillar 1,73,1911
12/04/2020,Scotland,Pillar 1,220,6376
12/04/2020,Wales,Pillar 1,247,6159
12/04/2020,UK,Pillar 1,3239,91939
12/04/2020,England,Pillar 2,248,939
12/04/2020,Northern Ireland,Pillar 2,0,0
12/04/2020,Scotland,Pillar 2,0,1
12/04/2020,Wales,Pillar 2,0,0
12/04/2020,UK,Pillar 2,248,940
13/04/2020,England,Pillar 1,3309,80802
13/04/2020,Northern Ireland,Pillar 1,107,2018
13/04/2020,Scotland,Pillar 1,359,6735
13/04/2020,Wales,Pillar 1,273,6432
13/04/2020,UK,Pillar 1,4048,95987
13/04/2020,England,Pillar 2,133,1072
13/04/2020,Northern Ireland,Pillar 2,0,0
13/04/2020,Scotland,Pillar 2,0,1
13/04/2020,Wales,Pillar 2,0,0
13/04/2020,UK,Pillar 2,133,1073
14/04/2020,England,Pillar 1,3417,84219
14/04/2020,Northern Ireland,Pillar 1,96,2114
14/04/2020,Scotland,Pillar 1,346,7081
14/04/2020,Wales,Pillar 1,317,6749
14/04/2020,UK,Pillar 1,4176,100163
14/04/2020,England,Pillar 2,148,1220
14/04/2020,Northern Ireland,Pillar 2,0,0
14/04/2020,Scotland,Pillar 2,0,1
14/04/2020,Wales,Pillar 2,0,0
14/04/2020,UK,Pillar 2,148,1221
15/04/2020,England,Pillar 1,3605,87824
15/04/2020,Northern Ireland,Pillar 1,134,2248
15/04/2020,Scotland,Pillar 1,334,7415
15/04/2020,Wales,Pillar 1,361,7110
15/04/2020,UK,Pillar 1,4434,104597
15/04/2020,England,Pillar 2,632,1852
15/04/2020,Northern Ireland,Pillar 2,0,0
15/04/2020,Scotland,Pillar 2,0,1
15/04/2020,Wales,Pillar 2,0,0
15/04/2020,UK,Pillar 2,632,1853
16/04/2020,England,Pillar 1,3434,91258
16/04/2020,Northern Ireland,Pillar 1,138,2386
16/04/2020,Scotland,Pillar 1,424,7839
16/04/2020,Wales,Pillar 1,363,7473
16/04/2020,UK,Pillar 1,4359,108956
16/04/2020,England,Pillar 2,929,2781
16/04/2020,Northern Ireland,Pillar 2,0,0
16/04/2020,Scotland,Pillar 2,1,2
16/04/2020,Wales,Pillar 2,0,0
16/04/2020,UK,Pillar 2,930,2783
17/04/2020,England,Pillar 1,3426,94684
17/04/2020,Northern Ireland,Pillar 1,156,2542
17/04/2020,Scotland,Pillar 1,394,8233
17/04/2020,Wales,Pillar 1,324,7797
17/04/2020,UK,Pillar 1,4300,113256
17/04/2020,England,Pillar 2,656,3437
17/04/2020,Northern Ireland,Pillar 2,0,0
17/04/2020,Scotland,Pillar 2,0,2
17/04/2020,Wales,Pillar 2,0,0
17/04/2020,UK,Pillar 2,656,3439
18/04/2020,England,Pillar 1,2571,97255
18/04/2020,Northern Ireland,Pillar 1,86,2628
18/04/2020,Scotland,Pillar 1,264,8497
18/04/2020,Wales,Pillar 1,247,8044
18/04/2020,UK,Pillar 1,3168,116424
18/04/2020,England,Pillar 2,1550,4987
18/04/2020,Northern Ireland,Pillar 2,0,0
18/04/2020,Scotland,Pillar 2,0,2
18/04/2020,Wales,Pillar 2,0,0
18/04/2020,UK,Pillar 2,1550,4989
19/04/2020,England,Pillar 1,2084,99339
19/04/2020,Northern Ireland,Pillar 1,41,2669
19/04/2020,Scotland,Pillar 1,159,8656
19/04/2020,Wales,Pillar 1,181,8225
19/04/2020,UK,Pillar 1,2465,118889
19/04/2020,England,Pillar 2,1390,6377
19/04/2020,Northern Ireland,Pillar 2,0,0
19/04/2020,Scotland,Pillar 2,0,2
19/04/2020,Wales,Pillar 2,0,0
19/04/2020,UK,Pillar 2,1390,6379
20/04/2020,England,Pillar 1,3066,102405
20/04/2020,Northern Ireland,Pillar 1,112,2781
20/04/2020,Scotland,Pillar 1,348,9004
20/04/2020,Wales,Pillar 1,281,8506
20/04/2020,UK,Pillar 1,3807,122696
20/04/2020,England,Pillar 2,617,6994
20/04/2020,Northern Ireland,Pillar 2,0,0
20/04/2020,Scotland,Pillar 2,428,430
20/04/2020,Wales,Pillar 2,0,0
20/04/2020,UK,Pillar 2,1045,7424
21/04/2020,England,Pillar 1,2992,105397
21/04/2020,Northern Ireland,Pillar 1,131,2912
21/04/2020,Scotland,Pillar 1,399,9403
21/04/2020,Wales,Pillar 1,259,8765
21/04/2020,UK,Pillar 1,3781,126477
21/04/2020,England,Pillar 2,979,7973
21/04/2020,Northern Ireland,Pillar 2,0,0
21/04/2020,Scotland,Pillar 2,0,430
21/04/2020,Wales,Pillar 2,0,0
21/04/2020,UK,Pillar 2,979,8403
22/04/2020,England,Pillar 1,2763,108160
22/04/2020,Northern Ireland,Pillar 1,99,3011
22/04/2020,Scotland,Pillar 1,340,9743
22/04/2020,Wales,Pillar 1,253,9018
22/04/2020,UK,Pillar 1,3455,129932
22/04/2020,England,Pillar 2,2034,10007
22/04/2020,Northern Ireland,Pillar 2,0,0
22/04/2020,Scotland,Pillar 2,0,430
22/04/2020,Wales,Pillar 2,0,0
22/04/2020,UK,Pillar 2,2034,10437
23/04/2020,England,Pillar 1,2768,110928
23/04/2020,Northern Ireland,Pillar 1,73,3084
23/04/2020,Scotland,Pillar 1,314,10057
23/04/2020,Wales,Pillar 1,200,9218
23/04/2020,UK,Pillar 1,3355,133287
23/04/2020,England,Pillar 2,1805,11812
23/04/2020,Northern Ireland,Pillar 2,0,0
23/04/2020,Scotland,Pillar 2,0,430
23/04/2020,Wales,Pillar 2,1,1
23/04/2020,UK,Pillar 2,1806,12243
24/04/2020,England,Pillar 1,2772,113700
24/04/2020,Northern Ireland,Pillar 1,83,3167
24/04/2020,Scotland,Pillar 1,305,10362
24/04/2020,Wales,Pillar 1,213,9431
24/04/2020,UK,Pillar 1,3373,136660
24/04/2020,England,Pillar 2,1598,13410
24/04/2020,Northern Ireland,Pillar 2,0,0
24/04/2020,Scotland,Pillar 2,0,430
24/04/2020,Wales,Pillar 2,0,1
24/04/2020,UK,Pillar 2,1598,13841
25/04/2020,England,Pillar 1,1810,115510
25/04/2020,Northern Ireland,Pillar 1,54,3221
25/04/2020,Scotland,Pillar 1,185,10547
25/04/2020,Wales,Pillar 1,136,9567
25/04/2020,UK,Pillar 1,2185,138845
25/04/2020,England,Pillar 2,1563,14973
25/04/2020,Northern Ireland,Pillar 2,0,0
25/04/2020,Scotland,Pillar 2,0,430
25/04/2020,Wales,Pillar 2,0,1
25/04/2020,UK,Pillar 2,1563,15404
26/04/2020,England,Pillar 1,1408,116918
26/04/2020,Northern Ireland,Pillar 1,45,3266
26/04/2020,Scotland,Pillar 1,163,10710
26/04/2020,Wales,Pillar 1,120,9687
26/04/2020,UK,Pillar 1,1736,140581
26/04/2020,England,Pillar 2,1730,16703
26/04/2020,Northern Ireland,Pillar 2,0,0
26/04/2020,Scotland,Pillar 2,8,438
26/04/2020,Wales,Pillar 2,1,2
26/04/2020,UK,Pillar 2,1739,17143
27/04/2020,England,Pillar 1,2220,119138
27/04/2020,Northern Ireland,Pillar 1,70,3336
27/04/2020,Scotland,Pillar 1,334,11044
27/04/2020,Wales,Pillar 1,166,9853
27/04/2020,UK,Pillar 1,2790,143371
27/04/2020,England,Pillar 2,1811,18514
27/04/2020,Northern Ireland,Pillar 2,1,1
27/04/2020,Scotland,Pillar 2,96,534
27/04/2020,Wales,Pillar 2,6,8
27/04/2020,UK,Pillar 2,1914,19057
28/04/2020,England,Pillar 1,2287,121425
28/04/2020,Northern Ireland,Pillar 1,73,3409
28/04/2020,Scotland,Pillar 1,310,11354
28/04/2020,Wales,Pillar 1,148,10001
28/04/2020,UK,Pillar 1,2818,146189
28/04/2020,England,Pillar 2,1832,20346
28/04/2020,Northern Ireland,Pillar 2,2,3
28/04/2020,Scotland,Pillar 2,70,604
28/04/2020,Wales,Pillar 2,5,13
28/04/2020,UK,Pillar 2,1909,20966
29/04/2020,England,Pillar 1,2348,123773
29/04/2020,Northern Ireland,Pillar 1,91,3500
29/04/2020,Scotland,Pillar 1,316,11670
29/04/2020,Wales,Pillar 1,167,10168
29/04/2020,UK,Pillar 1,2922,149111
29/04/2020,England,Pillar 2,2394,22740
29/04/2020,Northern Ireland,Pillar 2,2,5
29/04/2020,Scotland,Pillar 2,114,718
29/04/2020,Wales,Pillar 2,9,22
29/04/2020,UK,Pillar 2,2519,23485
30/04/2020,England,Pillar 1,2124,125897
30/04/2020,Northern Ireland,Pillar 1,91,3591
30/04/2020,Scotland,Pillar 1,271,11941
30/04/2020,Wales,Pillar 1,194,10362
30/04/2020,UK,Pillar 1,2680,151791
30/04/2020,England,Pillar 2,2189,24929
30/04/2020,Northern Ireland,Pillar 2,25,30
30/04/2020,Scotland,Pillar 2,64,782
30/04/2020,Wales,Pillar 2,6,28
30/04/2020,UK,Pillar 2,2284,25769
01/05/2020,England,Pillar 1,1948,127845
01/05/2020,Northern Ireland,Pillar 1,82,3673
01/05/2020,Scotland,Pillar 1,267,12208
01/05/2020,Wales,Pillar 1,161,10523
01/05/2020,UK,Pillar 1,2458,154249
01/05/2020,England,Pillar 2,2147,27076
01/05/2020,Northern Ireland,Pillar 2,18,48
01/05/2020,Scotland,Pillar 2,101,883
01/05/2020,Wales,Pillar 2,15,43
01/05/2020,UK,Pillar 2,2281,28050
02/05/2020,England,Pillar 1,1245,129090
02/05/2020,Northern Ireland,Pillar 1,58,3731
02/05/2020,Scotland,Pillar 1,148,12356
02/05/2020,Wales,Pillar 1,169,10692
02/05/2020,UK,Pillar 1,1620,155869
02/05/2020,England,Pillar 2,1496,28572
02/05/2020,Northern Ireland,Pillar 2,33,81
02/05/2020,Scotland,Pillar 2,69,952
02/05/2020,Wales,Pillar 2,10,53
02/05/2020,UK,Pillar 2,1608,29658
03/05/2020,England,Pillar 1,960,130050
03/05/2020,Northern Ireland,Pillar 1,28,3759
03/05/2020,Scotland,Pillar 1,107,12463
03/05/2020,Wales,Pillar 1,94,10786
03/05/2020,UK,Pillar 1,1189,157058
03/05/2020,England,Pillar 2,1674,30246
03/05/2020,Northern Ireland,Pillar 2,27,108
03/05/2020,Scotland,Pillar 2,82,1034
03/05/2020,Wales,Pillar 2,11,64
03/05/2020,UK,Pillar 2,1794,31452
04/05/2020,England,Pillar 1,1619,131669
04/05/2020,Northern Ireland,Pillar 1,54,3813
04/05/2020,Scotland,Pillar 1,269,12732
04/05/2020,Wales,Pillar 1,131,10917
04/05/2020,UK,Pillar 1,2073,159131
04/05/2020,England,Pillar 2,1224,31470
04/05/2020,Northern Ireland,Pillar 2,21,129
04/05/2020,Scotland,Pillar 2,60,1094
04/05/2020,Wales,Pillar 2,8,72
04/05/2020,UK,Pillar 2,1313,32765
05/05/2020,England,Pillar 1,1603,133272
05/05/2020,Northern Ireland,Pillar 1,58,3871
05/05/2020,Scotland,Pillar 1,216,12948
05/05/2020,Wales,Pillar 1,163,11080
05/05/2020,UK,Pillar 1,2040,161171
05/05/2020,England,Pillar 2,1543,33013
05/05/2020,Northern Ireland,Pillar 2,17,146
05/05/2020,Scotland,Pillar 2,72,1166
05/05/2020,Wales,Pillar 2,12,84
05/05/2020,UK,Pillar 2,1644,34409
06/05/2020,England,Pillar 1,1438,134710
06/05/2020,Northern Ireland,Pillar 1,44,3915
06/05/2020,Scotland,Pillar 1,228,13176
06/05/2020,Wales,Pillar 1,166,11246
06/05/2020,UK,Pillar 1,1876,163047
06/05/2020,England,Pillar 2,1831,34844
06/05/2020,Northern Ireland,Pillar 2,36,182
06/05/2020,Scotland,Pillar 2,78,1244
06/05/2020,Wales,Pillar 2,5,89
06/05/2020,UK,Pillar 2,1950,36359
07/05/2020,England,Pillar 1,1447,136157
07/05/2020,Northern Ireland,Pillar 1,60,3975
07/05/2020,Scotland,Pillar 1,227,13403
07/05/2020,Wales,Pillar 1,167,11413
07/05/2020,UK,Pillar 1,1901,164948
07/05/2020,England,Pillar 2,1757,36601
07/05/2020,Northern Ireland,Pillar 2,38,220
07/05/2020,Scotland,Pillar 2,63,1307
07/05/2020,Wales,Pillar 2,9,98
07/05/2020,UK,Pillar 2,1867,38226
08/05/2020,England,Pillar 1,1024,137181
08/05/2020,Northern Ireland,Pillar 1,49,4024
08/05/2020,Scotland,Pillar 1,183,13586
08/05/2020,Wales,Pillar 1,101,11514
08/05/2020,UK,Pillar 1,1357,166305
08/05/2020,England,Pillar 2,1598,38199
08/05/2020,Northern Ireland,Pillar 2,23,243
08/05/2020,Scotland,Pillar 2,71,1378
08/05/2020,Wales,Pillar 2,14,112
08/05/2020,UK,Pillar 2,1706,39932
09/05/2020,England,Pillar 1,892,138073
09/05/2020,Northern Ireland,Pillar 1,31,4055
09/05/2020,Scotland,Pillar 1,106,13692
09/05/2020,Wales,Pillar 1,124,11638
09/05/2020,UK,Pillar 1,1153,167458
09/05/2020,England,Pillar 2,901,39100
09/05/2020,Northern Ireland,Pillar 2,23,266
09/05/2020,Scotland,Pillar 2,71,1449
09/05/2020,Wales,Pillar 2,12,124
09/05/2020,UK,Pillar 2,1007,40939
10/05/2020,England,Pillar 1,728,138801
10/05/2020,Northern Ireland,Pillar 1,49,4104
10/05/2020,Scotland,Pillar 1,104,13796
10/05/2020,Wales,Pillar 1,101,11739
10/05/2020,UK,Pillar 1,982,168440
10/05/2020,England,Pillar 2,1280,40380
10/05/2020,Northern Ireland,Pillar 2,14,280
10/05/2020,Scotland,Pillar 2,46,1495
10/05/2020,Wales,Pillar 2,6,130
10/05/2020,UK,Pillar 2,1346,42285
11/05/2020,England,Pillar 1,1245,140046
11/05/2020,Northern Ireland,Pillar 1,64,4168
11/05/2020,Scotland,Pillar 1,198,13994
11/05/2020,Wales,Pillar 1,172,11911
11/05/2020,UK,Pillar 1,1679,170119
11/05/2020,England,Pillar 2,1823,42203
11/05/2020,Northern Ireland,Pillar 2,13,293
11/05/2020,Scotland,Pillar 2,63,1558
11/05/2020,Wales,Pillar 2,6,136
11/05/2020,UK,Pillar 2,1905,44190
12/05/2020,England,Pillar 1,1106,141152
12/05/2020,Northern Ireland,Pillar 1,57,4225
12/05/2020,Scotland,Pillar 1,179,14173
12/05/2020,Wales,Pillar 1,139,12050
12/05/2020,UK,Pillar 1,1481,171600
12/05/2020,England,Pillar 2,1822,44025
12/05/2020,Northern Ireland,Pillar 2,36,329
12/05/2020,Scotland,Pillar 2,52,1610
12/05/2020,Wales,Pillar 2,11,147
12/05/2020,UK,Pillar 2,1921,46111
13/05/2020,England,Pillar 1,1083,142235
13/05/2020,Northern Ireland,Pillar 1,31,4256
13/05/2020,Scotland,Pillar 1,138,14311
13/05/2020,Wales,Pillar 1,142,12192
13/05/2020,UK,Pillar 1,1394,172994
13/05/2020,England,Pillar 2,1799,45824
13/05/2020,Northern Ireland,Pillar 2,44,373
13/05/2020,Scotland,Pillar 2,60,1670
13/05/2020,Wales,Pillar 2,11,158
13/05/2020,UK,Pillar 2,1914,48025
14/05/2020,England,Pillar 1,903,143138
14/05/2020,Northern Ireland,Pillar 1,35,4291
14/05/2020,Scotland,Pillar 1,154,14465
14/05/2020,Wales,Pillar 1,119,12311
14/05/2020,UK,Pillar 1,1211,174205
14/05/2020,England,Pillar 2,1305,47129
14/05/2020,Northern Ireland,Pillar 2,39,412
14/05/2020,Scotland,Pillar 2,58,1728
14/05/2020,Wales,Pillar 2,13,171
14/05/2020,UK,Pillar 2,1415,49440
15/05/2020,England,Pillar 1,910,144048
15/05/2020,Northern Ireland,Pillar 1,48,4339
15/05/2020,Scotland,Pillar 1,105,14570
15/05/2020,Wales,Pillar 1,175,12486
15/05/2020,UK,Pillar 1,1238,175443
15/05/2020,England,Pillar 2,1220,48349
15/05/2020,Northern Ireland,Pillar 2,18,430
15/05/2020,Scotland,Pillar 2,47,1775
15/05/2020,Wales,Pillar 2,4,175
15/05/2020,UK,Pillar 2,1289,50729
16/05/2020,England,Pillar 1,632,144680
16/05/2020,Northern Ireland,Pillar 1,26,4365
16/05/2020,Scotland,Pillar 1,61,14631
16/05/2020,Wales,Pillar 1,159,12645
16/05/2020,UK,Pillar 1,878,176321
16/05/2020,England,Pillar 2,1138,49487
16/05/2020,Northern Ireland,Pillar 2,14,444
16/05/2020,Scotland,Pillar 2,42,1817
16/05/2020,Wales,Pillar 2,7,182
16/05/2020,UK,Pillar 2,1201,51930
17/05/2020,England,Pillar 1,636,145316
17/05/2020,Northern Ireland,Pillar 1,24,4389
17/05/2020,Scotland,Pillar 1,55,14686
17/05/2020,Wales,Pillar 1,113,12758
17/05/2020,UK,Pillar 1,828,177149
17/05/2020,England,Pillar 2,955,50442
17/05/2020,Northern Ireland,Pillar 2,14,458
17/05/2020,Scotland,Pillar 2,37,1854
17/05/2020,Wales,Pillar 2,5,187
17/05/2020,UK,Pillar 2,1011,52941
18/05/2020,England,Pillar 1,944,146260
18/05/2020,Northern Ireland,Pillar 1,39,4428
18/05/2020,Scotland,Pillar 1,106,14792
18/05/2020,Wales,Pillar 1,164,12922
18/05/2020,UK,Pillar 1,1253,178402
18/05/2020,England,Pillar 2,1272,51714
18/05/2020,Northern Ireland,Pillar 2,24,482
18/05/2020,Scotland,Pillar 2,34,1888
18/05/2020,Wales,Pillar 2,4,191
18/05/2020,UK,Pillar 2,1334,54275
19/05/2020,England,Pillar 1,1022,147282
19/05/2020,Northern Ireland,Pillar 1,43,4471
19/05/2020,Scotland,Pillar 1,132,14924
19/05/2020,Wales,Pillar 1,208,13130
19/05/2020,UK,Pillar 1,1405,179807
19/05/2020,England,Pillar 2,1563,53277
19/05/2020,Northern Ireland,Pillar 2,30,512
19/05/2020,Scotland,Pillar 2,50,1938
19/05/2020,Wales,Pillar 2,5,196
19/05/2020,UK,Pillar 2,1648,55923
20/05/2020,England,Pillar 1,824,148106
20/05/2020,Northern Ireland,Pillar 1,24,4495
20/05/2020,Scotland,Pillar 1,87,15011
20/05/2020,Wales,Pillar 1,152,13282
20/05/2020,UK,Pillar 1,1087,180894
20/05/2020,England,Pillar 2,1530,54807
20/05/2020,Northern Ireland,Pillar 2,54,566
20/05/2020,Scotland,Pillar 2,34,1972
20/05/2020,Wales,Pillar 2,14,210
20/05/2020,UK,Pillar 2,1632,57555
21/05/2020,England,Pillar 1,749,148855
21/05/2020,Northern Ireland,Pillar 1,40,4535
21/05/2020,Scotland,Pillar 1,78,15089
21/05/2020,Wales,Pillar 1,107,13389
21/05/2020,UK,Pillar 1,974,181868
21/05/2020,England,Pillar 2,1527,56334
21/05/2020,Northern Ireland,Pillar 2,16,582
21/05/2020,Scotland,Pillar 2,33,2005
21/05/2020,Wales,Pillar 2,25,235
21/05/2020,UK,Pillar 2,1601,59156
22/05/2020,England,Pillar 1,708,149563
22/05/2020,Northern Ireland,Pillar 1,17,4552
22/05/2020,Scotland,Pillar 1,63,15152
22/05/2020,Wales,Pillar 1,106,13495
22/05/2020,UK,Pillar 1,894,182762
22/05/2020,England,Pillar 2,1093,57427
22/05/2020,Northern Ireland,Pillar 2,16,598
22/05/2020,Scotland,Pillar 2,29,2034
22/05/2020,Wales,Pillar 2,31,266
22/05/2020,UK,Pillar 2,1169,60325
23/05/2020,England,Pillar 1,453,150016
23/05/2020,Northern Ireland,Pillar 1,34,4586
23/05/2020,Scotland,Pillar 1,24,15176
23/05/2020,Wales,Pillar 1,106,13601
23/05/2020,UK,Pillar 1,617,183379
23/05/2020,England,Pillar 2,846,58273
23/05/2020,Northern Ireland,Pillar 2,20,618
23/05/2020,Scotland,Pillar 2,26,2060
23/05/2020,Wales,Pillar 2,17,283
23/05/2020,UK,Pillar 2,909,61234
24/05/2020,England,Pillar 1,386,150402
24/05/2020,Northern Ireland,Pillar 1,11,4597
24/05/2020,Scotland,Pillar 1,32,15208
24/05/2020,Wales,Pillar 1,67,13668
24/05/2020,UK,Pillar 1,496,183875
24/05/2020,England,Pillar 2,812,59085
24/05/2020,Northern Ireland,Pillar 2,20,638
24/05/2020,Scotland,Pillar 2,22,2082
24/05/2020,Wales,Pillar 2,15,298
24/05/2020,UK,Pillar 2,869,62103
25/05/2020,England,Pillar 1,510,150912
25/05/2020,Northern Ireland,Pillar 1,19,4616
25/05/2020,Scotland,Pillar 1,57,15265
25/05/2020,Wales,Pillar 1,89,13757
25/05/2020,UK,Pillar 1,675,184550
25/05/2020,England,Pillar 2,872,59957
25/05/2020,Northern Ireland,Pillar 2,21,659
25/05/2020,Scotland,Pillar 2,40,2122
25/05/2020,Wales,Pillar 2,16,314
25/05/2020,UK,Pillar 2,949,63052
26/05/2020,England,Pillar 1,543,151455
26/05/2020,Northern Ireland,Pillar 1,14,4630
26/05/2020,Scotland,Pillar 1,48,15313
26/05/2020,Wales,Pillar 1,84,13841
26/05/2020,UK,Pillar 1,689,185239
26/05/2020,England,Pillar 2,921,60878
26/05/2020,Northern Ireland,Pillar 2,14,673
26/05/2020,Scotland,Pillar 2,29,2151
26/05/2020,Wales,Pillar 2,18,332
26/05/2020,UK,Pillar 2,982,64034
27/05/2020,England,Pillar 1,547,152002
27/05/2020,Northern Ireland,Pillar 1,16,4646
27/05/2020,Scotland,Pillar 1,47,15360
27/05/2020,Wales,Pillar 1,97,13938
27/05/2020,UK,Pillar 1,707,185946
27/05/2020,England,Pillar 2,1069,61947
27/05/2020,Northern Ireland,Pillar 2,19,692
27/05/2020,Scotland,Pillar 2,19,2170
27/05/2020,Wales,Pillar 2,21,353
27/05/2020,UK,Pillar 2,1128,65162
28/05/2020,England,Pillar 1,465,152467
28/05/2020,Northern Ireland,Pillar 1,17,4663
28/05/2020,Scotland,Pillar 1,34,15394
28/05/2020,Wales,Pillar 1,90,14028
28/05/2020,UK,Pillar 1,606,186552
28/05/2020,England,Pillar 2,1108,63055
28/05/2020,Northern Ireland,Pillar 2,11,703
28/05/2020,Scotland,Pillar 2,21,2191
28/05/2020,Wales,Pillar 2,12,365
28/05/2020,UK,Pillar 2,1152,66314
29/05/2020,England,Pillar 1,442,152909
29/05/2020,Northern Ireland,Pillar 1,12,4675
29/05/2020,Scotland,Pillar 1,17,15411
29/05/2020,Wales,Pillar 1,89,14117
29/05/2020,UK,Pillar 1,560,187112
29/05/2020,England,Pillar 2,928,63983
29/05/2020,Northern Ireland,Pillar 2,8,711
29/05/2020,Scotland,Pillar 2,12,2203
29/05/2020,Wales,Pillar 2,18,383
29/05/2020,UK,Pillar 2,966,67280
30/05/2020,England,Pillar 1,349,153258
30/05/2020,Northern Ireland,Pillar 1,8,4683
30/05/2020,Scotland,Pillar 1,25,15436
30/05/2020,Wales,Pillar 1,53,14170
30/05/2020,UK,Pillar 1,435,187547
30/05/2020,England,Pillar 2,650,64633
30/05/2020,Northern Ireland,Pillar 2,5,716
30/05/2020,Scotland,Pillar 2,16,2219
30/05/2020,Wales,Pillar 2,17,400
30/05/2020,UK,Pillar 2,688,67968
31/05/2020,England,Pillar 1,310,153568
31/05/2020,Northern Ireland,Pillar 1,10,4693
31/05/2020,Scotland,Pillar 1,15,15451
31/05/2020,Wales,Pillar 1,35,14205
31/05/2020,UK,Pillar 1,370,187917
31/05/2020,England,Pillar 2,675,65308
31/05/2020,Northern Ireland,Pillar 2,16,732
31/05/2020,Scotland,Pillar 2,7,2226
31/05/2020,Wales,Pillar 2,11,411
31/05/2020,UK,Pillar 2,709,68677
01/06/2020,England,Pillar 1,450,154018
01/06/2020,Northern Ireland,Pillar 1,12,4705
01/06/2020,Scotland,Pillar 1,25,15476
01/06/2020,Wales,Pillar 1,63,14268
01/06/2020,UK,Pillar 1,550,188467
01/06/2020,England,Pillar 2,861,66169
01/06/2020,Northern Ireland,Pillar 2,12,744
01/06/2020,Scotland,Pillar 2,13,2239
01/06/2020,Wales,Pillar 2,1,412
01/06/2020,UK,Pillar 2,887,69564
02/06/2020,England,Pillar 1,493,154511
02/06/2020,Northern Ireland,Pillar 1,16,4721
02/06/2020,Scotland,Pillar 1,33,15509
02/06/2020,Wales,Pillar 1,61,14329
02/06/2020,UK,Pillar 1,603,189070
02/06/2020,England,Pillar 2,865,67034
02/06/2020,Northern Ireland,Pillar 2,5,749
02/06/2020,Scotland,Pillar 2,12,2251
02/06/2020,Wales,Pillar 2,12,424
02/06/2020,UK,Pillar 2,894,70458
03/06/2020,England,Pillar 1,449,154960
03/06/2020,Northern Ireland,Pillar 1,3,4724
03/06/2020,Scotland,Pillar 1,16,15525
03/06/2020,Wales,Pillar 1,63,14392
03/06/2020,UK,Pillar 1,531,189601
03/06/2020,England,Pillar 2,795,67829
03/06/2020,Northern Ireland,Pillar 2,8,757
03/06/2020,Scotland,Pillar 2,19,2270
03/06/2020,Wales,Pillar 2,12,436
03/06/2020,UK,Pillar 2,834,71292
04/06/2020,England,Pillar 1,317,155277
04/06/2020,Northern Ireland,Pillar 1,6,4730
04/06/2020,Scotland,Pillar 1,30,15555
04/06/2020,Wales,Pillar 1,51,14443
04/06/2020,UK,Pillar 1,404,190005
04/06/2020,England,Pillar 2,825,68654
04/06/2020,Northern Ireland,Pillar 2,5,762
04/06/2020,Scotland,Pillar 2,5,2275
04/06/2020,Wales,Pillar 2,9,445
04/06/2020,UK,Pillar 2,844,72136
05/06/2020,England,Pillar 1,322,155599
05/06/2020,Northern Ireland,Pillar 1,18,4748
05/06/2020,Scotland,Pillar 1,18,15573
05/06/2020,Wales,Pillar 1,44,14487
05/06/2020,UK,Pillar 1,402,190407
05/06/2020,England,Pillar 2,693,69347
05/06/2020,Northern Ireland,Pillar 2,7,769
05/06/2020,Scotland,Pillar 2,6,2281
05/06/2020,Wales,Pillar 2,11,456
05/06/2020,UK,Pillar 2,717,72853
06/06/2020,England,Pillar 1,209,155808
06/06/2020,Northern Ireland,Pillar 1,4,4752
06/06/2020,Scotland,Pillar 1,15,15588
06/06/2020,Wales,Pillar 1,42,14529
06/06/2020,UK,Pillar 1,270,190677
06/06/2020,England,Pillar 2,508,69855
06/06/2020,Northern Ireland,Pillar 2,4,773
06/06/2020,Scotland,Pillar 2,7,2288
06/06/2020,Wales,Pillar 2,11,467
06/06/2020,UK,Pillar 2,530,73383
07/06/2020,England,Pillar 1,202,156010
07/06/2020,Northern Ireland,Pillar 1,2,4754
07/06/2020,Scotland,Pillar 1,8,15596
07/06/2020,Wales,Pillar 1,27,14556
07/06/2020,UK,Pillar 1,239,190916
07/06/2020,England,Pillar 2,462,70317
07/06/2020,Northern Ireland,Pillar 2,3,776
07/06/2020,Scotland,Pillar 2,9,2297
07/06/2020,Wales,Pillar 2,7,474
07/06/2020,UK,Pillar 2,481,73864
08/06/2020,England,Pillar 1,298,156308
08/06/2020,Northern Ireland,Pillar 1,9,4763
08/06/2020,Scotland,Pillar 1,8,15604
08/06/2020,Wales,Pillar 1,65,14621
08/06/2020,UK,Pillar 1,380,191296
08/06/2020,England,Pillar 2,692,71009
08/06/2020,Northern Ireland,Pillar 2,5,781
08/06/2020,Scotland,Pillar 2,10,2307
08/06/2020,Wales,Pillar 2,9,483
08/06/2020,UK,Pillar 2,716,74580
09/06/2020,England,Pillar 1,307,156615
09/06/2020,Northern Ireland,Pillar 1,10,4773
09/06/2020,Scotland,Pillar 1,18,15622
09/06/2020,Wales,Pillar 1,53,14674
09/06/2020,UK,Pillar 1,388,191684
09/06/2020,England,Pillar 2,750,71759
09/06/2020,Northern Ireland,Pillar 2,2,783
09/06/2020,Scotland,Pillar 2,9,2316
09/06/2020,Wales,Pillar 2,9,492
09/06/2020,UK,Pillar 2,770,75350
10/06/2020,England,Pillar 1,361,156976
10/06/2020,Northern Ireland,Pillar 1,16,4789
10/06/2020,Scotland,Pillar 1,24,15646
10/06/2020,Wales,Pillar 1,51,14725
10/06/2020,UK,Pillar 1,452,192136
10/06/2020,England,Pillar 2,723,72482
10/06/2020,Northern Ireland,Pillar 2,1,784
10/06/2020,Scotland,Pillar 2,5,2321
10/06/2020,Wales,Pillar 2,16,508
10/06/2020,UK,Pillar 2,745,76095
11/06/2020,England,Pillar 1,274,157250
11/06/2020,Northern Ireland,Pillar 1,8,4797
11/06/2020,Scotland,Pillar 1,17,15663
11/06/2020,Wales,Pillar 1,46,14771
11/06/2020,UK,Pillar 1,345,192481
11/06/2020,England,Pillar 2,645,73127
11/06/2020,Northern Ireland,Pillar 2,2,786
11/06/2020,Scotland,Pillar 2,4,2325
11/06/2020,Wales,Pillar 2,20,528
11/06/2020,UK,Pillar 2,671,76766
12/06/2020,England,Pillar 1,265,157515
12/06/2020,Northern Ireland,Pillar 1,5,4802
12/06/2020,Scotland,Pillar 1,21,15684
12/06/2020,Wales,Pillar 1,57,14828
12/06/2020,UK,Pillar 1,348,192829
12/06/2020,England,Pillar 2,671,73798
12/06/2020,Northern Ireland,Pillar 2,5,791
12/06/2020,Scotland,Pillar 2,9,2334
12/06/2020,Wales,Pillar 2,18,546
12/06/2020,UK,Pillar 2,703,77469
13/06/2020,England,Pillar 1,258,157773
13/06/2020,Northern Ireland,Pillar 1,6,4808
13/06/2020,Scotland,Pillar 1,17,15701
13/06/2020,Wales,Pillar 1,54,14882
13/06/2020,UK,Pillar 1,335,193164
13/06/2020,England,Pillar 2,529,74327
13/06/2020,Northern Ireland,Pillar 2,4,795
13/06/2020,Scotland,Pillar 2,6,2340
13/06/2020,Wales,Pillar 2,16,562
13/06/2020,UK,Pillar 2,555,78024
14/06/2020,England,Pillar 1,208,157981
14/06/2020,Northern Ireland,Pillar 1,2,4810
14/06/2020,Scotland,Pillar 1,6,15707
14/06/2020,Wales,Pillar 1,37,14919
14/06/2020,UK,Pillar 1,253,193417
14/06/2020,England,Pillar 2,538,74865
14/06/2020,Northern Ireland,Pillar 2,6,801
14/06/2020,Scotland,Pillar 2,7,2347
14/06/2020,Wales,Pillar 2,17,579
14/06/2020,UK,Pillar 2,568,78592
15/06/2020,England,Pillar 1,282,158263
15/06/2020,Northern Ireland,Pillar 1,9,4819
15/06/2020,Scotland,Pillar 1,15,15722
15/06/2020,Wales,Pillar 1,48,14967
15/06/2020,UK,Pillar 1,354,193771
15/06/2020,England,Pillar 2,658,75523
15/06/2020,Northern Ireland,Pillar 2,10,811
15/06/2020,Scotland,Pillar 2,6,2353
15/06/2020,Wales,Pillar 2,18,597
15/06/2020,UK,Pillar 2,692,79284
16/06/2020,England,Pillar 1,308,158571
16/06/2020,Northern Ireland,Pillar 1,7,4826
16/06/2020,Scotland,Pillar 1,10,15732
16/06/2020,Wales,Pillar 1,58,15025
16/06/2020,UK,Pillar 1,383,194154
16/06/2020,England,Pillar 2,685,76208
16/06/2020,Northern Ireland,Pillar 2,4,815
16/06/2020,Scotland,Pillar 2,7,2360
16/06/2020,Wales,Pillar 2,24,621
16/06/2020,UK,Pillar 2,720,80004
17/06/2020,England,Pillar 1,286,158857
17/06/2020,Northern Ireland,Pillar 1,2,4828
17/06/2020,Scotland,Pillar 1,22,15754
17/06/2020,Wales,Pillar 1,41,15066
17/06/2020,UK,Pillar 1,351,194505
17/06/2020,England,Pillar 2,625,76833
17/06/2020,Northern Ireland,Pillar 2,3,818
17/06/2020,Scotland,Pillar 2,11,2371
17/06/2020,Wales,Pillar 2,24,645
17/06/2020,UK,Pillar 2,663,80667
18/06/2020,England,Pillar 1,245,159102
18/06/2020,Northern Ireland,Pillar 1,0,4828
18/06/2020,Scotland,Pillar 1,9,15763
18/06/2020,Wales,Pillar 1,51,15117
18/06/2020,UK,Pillar 1,305,194810
18/06/2020,England,Pillar 2,701,77534
18/06/2020,Northern Ireland,Pillar 2,7,825
18/06/2020,Scotland,Pillar 2,5,2376
18/06/2020,Wales,Pillar 2,11,656
18/06/2020,UK,Pillar 2,724,81391
19/06/2020,England,Pillar 1,228,159330
19/06/2020,Northern Ireland,Pillar 1,5,4833
19/06/2020,Scotland,Pillar 1,15,15778
19/06/2020,Wales,Pillar 1,120,15237
19/06/2020,UK,Pillar 1,368,195178
19/06/2020,England,Pillar 2,585,78119
19/06/2020,Northern Ireland,Pillar 2,9,834
19/06/2020,Scotland,Pillar 2,8,2384
19/06/2020,Wales,Pillar 2,20,676
19/06/2020,UK,Pillar 2,622,82013
20/06/2020,England,Pillar 1,155,159485
20/06/2020,Northern Ireland,Pillar 1,0,4833
20/06/2020,Scotland,Pillar 1,3,15781
20/06/2020,Wales,Pillar 1,27,15264
20/06/2020,UK,Pillar 1,185,195363
20/06/2020,England,Pillar 2,474,78593
20/06/2020,Northern Ireland,Pillar 2,5,839
20/06/2020,Scotland,Pillar 2,3,2387
20/06/2020,Wales,Pillar 2,20,696
20/06/2020,UK,Pillar 2,502,82515
21/06/2020,England,Pillar 1,122,159607
21/06/2020,Northern Ireland,Pillar 1,3,4836
21/06/2020,Scotland,Pillar 1,7,15788
21/06/2020,Wales,Pillar 1,53,15317
21/06/2020,UK,Pillar 1,185,195548
21/06/2020,England,Pillar 2,429,79022
21/06/2020,Northern Ireland,Pillar 2,0,839
21/06/2020,Scotland,Pillar 2,2,2389
21/06/2020,Wales,Pillar 2,23,719
21/06/2020,UK,Pillar 2,454,82969
22/06/2020,England,Pillar 1,204,159811
22/06/2020,Northern Ireland,Pillar 1,1,4837
22/06/2020,Scotland,Pillar 1,10,15798
22/06/2020,Wales,Pillar 1,48,15365
22/06/2020,UK,Pillar 1,263,195811
22/06/2020,England,Pillar 2,611,79633
22/06/2020,Northern Ireland,Pillar 2,3,842
22/06/2020,Scotland,Pillar 2,2,2391
22/06/2020,Wales,Pillar 2,18,737
22/06/2020,UK,Pillar 2,634,83603
23/06/2020,England,Pillar 1,221,160032
23/06/2020,Northern Ireland,Pillar 1,5,4842
23/06/2020,Scotland,Pillar 1,8,15806
23/06/2020,Wales,Pillar 1,120,15485
23/06/2020,UK,Pillar 1,354,196165
23/06/2020,England,Pillar 2,508,80141
23/06/2020,Northern Ireland,Pillar 2,3,845
23/06/2020,Scotland,Pillar 2,11,2402
23/06/2020,Wales,Pillar 2,11,748
23/06/2020,UK,Pillar 2,533,84136
24/06/2020,England,Pillar 1,181,160213
24/06/2020,Northern Ireland,Pillar 1,3,4845
24/06/2020,Scotland,Pillar 1,3,15809
24/06/2020,Wales,Pillar 1,32,15517
24/06/2020,UK,Pillar 1,219,196384
24/06/2020,England,Pillar 2,549,80690
24/06/2020,Northern Ireland,Pillar 2,1,846
24/06/2020,Scotland,Pillar 2,5,2407
24/06/2020,Wales,Pillar 2,5,753
24/06/2020,UK,Pillar 2,560,84696
25/06/2020,England,Pillar 1,173,160386
25/06/2020,Northern Ireland,Pillar 1,4,4849
25/06/2020,Scotland,Pillar 1,8,15817
25/06/2020,Wales,Pillar 1,48,15565
25/06/2020,UK,Pillar 1,233,196617
25/06/2020,England,Pillar 2,463,81153
25/06/2020,Northern Ireland,Pillar 2,1,847
25/06/2020,Scotland,Pillar 2,11,2418
25/06/2020,Wales,Pillar 2,12,765
25/06/2020,UK,Pillar 2,487,85183
26/06/2020,England,Pillar 1,177,160563
26/06/2020,Northern Ireland,Pillar 1,3,4852
26/06/2020,Scotland,Pillar 1,2,15819
26/06/2020,Wales,Pillar 1,9,15574
26/06/2020,UK,Pillar 1,191,196808
26/06/2020,England,Pillar 2,468,81621
26/06/2020,Northern Ireland,Pillar 2,0,847
26/06/2020,Scotland,Pillar 2,4,2422
26/06/2020,Wales,Pillar 2,10,775
26/06/2020,UK,Pillar 2,482,85665
27/06/2020,England,Pillar 1,119,160682
27/06/2020,Northern Ireland,Pillar 1,1,4853
27/06/2020,Scotland,Pillar 1,2,15821
27/06/2020,Wales,Pillar 1,133,15707
27/06/2020,UK,Pillar 1,255,197063
27/06/2020,England,Pillar 2,383,82004
27/06/2020,Northern Ireland,Pillar 2,3,850
27/06/2020,Scotland,Pillar 2,2,2424
27/06/2020,Wales,Pillar 2,7,782
27/06/2020,UK,Pillar 2,395,86060
28/06/2020,England,Pillar 1,90,160772
28/06/2020,Northern Ireland,Pillar 1,2,4855
28/06/2020,Scotland,Pillar 1,1,15822
28/06/2020,Wales,Pillar 1,17,15724
28/06/2020,UK,Pillar 1,110,197173
28/06/2020,England,Pillar 2,320,82324
28/06/2020,Northern Ireland,Pillar 2,3,853
28/06/2020,Scotland,Pillar 2,2,2426
28/06/2020,Wales,Pillar 2,11,793
28/06/2020,UK,Pillar 2,336,86396
29/06/2020,England,Pillar 1,161,160933
29/06/2020,Northern Ireland,Pillar 1,2,4857
29/06/2020,Scotland,Pillar 1,8,15830
29/06/2020,Wales,Pillar 1,26,15750
29/06/2020,UK,Pillar 1,197,197370
29/06/2020,England,Pillar 2,506,82830
29/06/2020,Northern Ireland,Pillar 2,3,856
29/06/2020,Scotland,Pillar 2,6,2432
29/06/2020,Wales,Pillar 2,17,810
29/06/2020,UK,Pillar 2,532,86928
30/06/2020,England,Pillar 1,136,161069
30/06/2020,Northern Ireland,Pillar 1,2,4859
30/06/2020,Scotland,Pillar 1,3,15833
30/06/2020,Wales,Pillar 1,13,15763
30/06/2020,UK,Pillar 1,154,197524
30/06/2020,England,Pillar 2,436,83266
30/06/2020,Northern Ireland,Pillar 2,1,857
30/06/2020,Scotland,Pillar 2,5,2437
30/06/2020,Wales,Pillar 2,22,832
30/06/2020,UK,Pillar 2,464,87392
01/07/2020,England,Pillar 1,171,161240
01/07/2020,Northern Ireland,Pillar 1,2,4861
01/07/2020,Scotland,Pillar 1,4,15837
01/07/2020,Wales,Pillar 1,9,15772
01/07/2020,UK,Pillar 1,186,197710
01/07/2020,England,Pillar 2,434,83700
01/07/2020,Northern Ireland,Pillar 2,2,859
01/07/2020,Scotland,Pillar 2,7,2444
01/07/2020,Wales,Pillar 2,18,850
01/07/2020,UK,Pillar 2,461,87853
02/07/2020,England,Pillar 1,163,161403
02/07/2020,Northern Ireland,Pillar 1,0,4861
02/07/2020,Scotland,Pillar 1,2,15839
02/07/2020,Wales,Pillar 1,12,15784
02/07/2020,UK,Pillar 1,177,197887
02/07/2020,England,Pillar 2,397,84097
02/07/2020,Northern Ireland,Pillar 2,3,862
02/07/2020,Scotland,Pillar 2,11,2455
02/07/2020,Wales,Pillar 2,16,866
02/07/2020,UK,Pillar 2,427,88280
03/07/2020,England,Pillar 1,161,161564
03/07/2020,Northern Ireland,Pillar 1,4,4865
03/07/2020,Scotland,Pillar 1,2,15841
03/07/2020,Wales,Pillar 1,11,15795
03/07/2020,UK,Pillar 1,178,198065
03/07/2020,England,Pillar 2,381,84478
03/07/2020,Northern Ireland,Pillar 2,4,866
03/07/2020,Scotland,Pillar 2,4,2459
03/07/2020,Wales,Pillar 2,8,874
03/07/2020,UK,Pillar 2,397,88677
04/07/2020,England,Pillar 1,88,161652
04/07/2020,Northern Ireland,Pillar 1,0,4865
04/07/2020,Scotland,Pillar 1,3,15844
04/07/2020,Wales,Pillar 1,5,15800
04/07/2020,UK,Pillar 1,96,198161
04/07/2020,England,Pillar 2,299,84777
04/07/2020,Northern Ireland,Pillar 2,1,867
04/07/2020,Scotland,Pillar 2,2,2461
04/07/2020,Wales,Pillar 2,4,878
04/07/2020,UK,Pillar 2,306,88983
05/07/2020,England,Pillar 1,91,161743
05/07/2020,Northern Ireland,Pillar 1,2,4867
05/07/2020,Scotland,Pillar 1,2,15846
05/07/2020,Wales,Pillar 1,9,15809
05/07/2020,UK,Pillar 1,104,198265
05/07/2020,England,Pillar 2,448,85225
05/07/2020,Northern Ireland,Pillar 2,0,867
05/07/2020,Scotland,Pillar 2,0,2461
05/07/2020,Wales,Pillar 2,3,881
05/07/2020,UK,Pillar 2,451,89434
06/07/2020,England,Pillar 1,157,161900
06/07/2020,Northern Ireland,Pillar 1,6,4873
06/07/2020,Scotland,Pillar 1,6,15852
06/07/2020,Wales,Pillar 1,13,15822
06/07/2020,UK,Pillar 1,182,198447
06/07/2020,England,Pillar 2,495,85720
06/07/2020,Northern Ireland,Pillar 2,2,869
06/07/2020,Scotland,Pillar 2,2,2463
06/07/2020,Wales,Pillar 2,22,903
06/07/2020,UK,Pillar 2,521,89955
07/07/2020,England,Pillar 1,121,162021
07/07/2020,Northern Ireland,Pillar 1,4,4877
07/07/2020,Scotland,Pillar 1,1,15853
07/07/2020,Wales,Pillar 1,13,15835
07/07/2020,UK,Pillar 1,139,198586
07/07/2020,England,Pillar 2,436,86156
07/07/2020,Northern Ireland,Pillar 2,1,870
07/07/2020,Scotland,Pillar 2,10,2473
07/07/2020,Wales,Pillar 2,15,918
07/07/2020,UK,Pillar 2,462,90417
08/07/2020,England,Pillar 1,157,162178
08/07/2020,Northern Ireland,Pillar 1,7,4884
08/07/2020,Scotland,Pillar 1,1,15854
08/07/2020,Wales,Pillar 1,11,15846
08/07/2020,UK,Pillar 1,176,198762
08/07/2020,England,Pillar 2,514,86670
08/07/2020,Northern Ireland,Pillar 2,0,870
08/07/2020,Scotland,Pillar 2,10,2483
08/07/2020,Wales,Pillar 2,3,921
08/07/2020,UK,Pillar 2,527,90944
09/07/2020,England,Pillar 1,195,162373
09/07/2020,Northern Ireland,Pillar 1,1,4885
09/07/2020,Scotland,Pillar 1,0,15854
09/07/2020,Wales,Pillar 1,15,15861
09/07/2020,UK,Pillar 1,211,198973
09/07/2020,England,Pillar 2,488,87158
09/07/2020,Northern Ireland,Pillar 2,4,874
09/07/2020,Scotland,Pillar 2,7,2490
09/07/2020,Wales,Pillar 2,7,928
09/07/2020,UK,Pillar 2,506,91450
10/07/2020,England,Pillar 1,111,162484
10/07/2020,Northern Ireland,Pillar 1,1,4886
10/07/2020,Scotland,Pillar 1,0,15854
10/07/2020,Wales,Pillar 1,17,15878
10/07/2020,UK,Pillar 1,129,199102
10/07/2020,England,Pillar 2,409,87567
10/07/2020,Northern Ireland,Pillar 2,3,877
10/07/2020,Scotland,Pillar 2,12,2502
10/07/2020,Wales,Pillar 2,12,940
10/07/2020,UK,Pillar 2,436,91886
11/07/2020,England,Pillar 1,84,162568
11/07/2020,Northern Ireland,Pillar 1,1,4887
11/07/2020,Scotland,Pillar 1,5,15859
11/07/2020,Wales,Pillar 1,9,15887
11/07/2020,UK,Pillar 1,99,199201
11/07/2020,England,Pillar 2,337,87904
11/07/2020,Northern Ireland,Pillar 2,5,882
11/07/2020,Scotland,Pillar 2,4,2506
11/07/2020,Wales,Pillar 2,3,943
11/07/2020,UK,Pillar 2,349,92235
12/07/2020,England,Pillar 1,60,162628
12/07/2020,Northern Ireland,Pillar 1,0,4887
12/07/2020,Scotland,Pillar 1,1,15860
12/07/2020,Wales,Pillar 1,8,15895
12/07/2020,UK,Pillar 1,69,199270
12/07/2020,England,Pillar 2,291,88195
12/07/2020,Northern Ireland,Pillar 2,4,886
12/07/2020,Scotland,Pillar 2,1,2507
12/07/2020,Wales,Pillar 2,2,945
12/07/2020,UK,Pillar 2,298,92533
13/07/2020,England,Pillar 1,146,162774
13/07/2020,Northern Ireland,Pillar 1,0,4887
13/07/2020,Scotland,Pillar 1,6,15866
13/07/2020,Wales,Pillar 1,17,15912
13/07/2020,UK,Pillar 1,169,199439
13/07/2020,England,Pillar 2,545,88740
13/07/2020,Northern Ireland,Pillar 2,3,889
13/07/2020,Scotland,Pillar 2,11,2518
13/07/2020,Wales,Pillar 2,7,952
13/07/2020,UK,Pillar 2,566,93099
14/07/2020,England,Pillar 1,128,162902
14/07/2020,Northern Ireland,Pillar 1,0,4887
14/07/2020,Scotland,Pillar 1,1,15867
14/07/2020,Wales,Pillar 1,13,15925
14/07/2020,UK,Pillar 1,142,199581
14/07/2020,England,Pillar 2,523,89263
14/07/2020,Northern Ireland,Pillar 2,7,896
14/07/2020,Scotland,Pillar 2,9,2527
14/07/2020,Wales,Pillar 2,10,962
14/07/2020,UK,Pillar 2,549,93648
15/07/2020,England,Pillar 1,160,163062
15/07/2020,Northern Ireland,Pillar 1,0,4887
15/07/2020,Scotland,Pillar 1,1,15868
15/07/2020,Wales,Pillar 1,15,15940
15/07/2020,UK,Pillar 1,176,199757
15/07/2020,England,Pillar 2,562,89825
15/07/2020,Northern Ireland,Pillar 2,15,911
15/07/2020,Scotland,Pillar 2,15,2542
15/07/2020,Wales,Pillar 2,3,965
15/07/2020,UK,Pillar 2,595,94243
16/07/2020,England,Pillar 1,106,163168
16/07/2020,Northern Ireland,Pillar 1,3,4890
16/07/2020,Scotland,Pillar 1,1,15869
16/07/2020,Wales,Pillar 1,12,15952
16/07/2020,UK,Pillar 1,122,199879
16/07/2020,England,Pillar 2,532,90357
16/07/2020,Northern Ireland,Pillar 2,16,927
16/07/2020,Scotland,Pillar 2,20,2562
16/07/2020,Wales,Pillar 2,13,978
16/07/2020,UK,Pillar 2,581,94824
17/07/2020,England,Pillar 1,78,163246
17/07/2020,Northern Ireland,Pillar 1,1,4891
17/07/2020,Scotland,Pillar 1,3,15872
17/07/2020,Wales,Pillar 1,10,15962
17/07/2020,UK,Pillar 1,92,199971
17/07/2020,England,Pillar 2,469,90826
17/07/2020,Northern Ireland,Pillar 2,8,935
17/07/2020,Scotland,Pillar 2,5,2567
17/07/2020,Wales,Pillar 2,7,985
17/07/2020,UK,Pillar 2,489,95313
18/07/2020,England,Pillar 1,46,163292
18/07/2020,Northern Ireland,Pillar 1,1,4892
18/07/2020,Scotland,Pillar 1,2,15874
18/07/2020,Wales,Pillar 1,9,15971
18/07/2020,UK,Pillar 1,58,200029
18/07/2020,England,Pillar 2,421,91247
18/07/2020,Northern Ireland,Pillar 2,6,941
18/07/2020,Scotland,Pillar 2,11,2578
18/07/2020,Wales,Pillar 2,2,987
18/07/2020,UK,Pillar 2,440,95753
19/07/2020,England,Pillar 1,57,163349
19/07/2020,Northern Ireland,Pillar 1,2,4894
19/07/2020,Scotland,Pillar 1,3,15877
19/07/2020,Wales,Pillar 1,8,15979
19/07/2020,UK,Pillar 1,70,200099
19/07/2020,England,Pillar 2,357,91604
19/07/2020,Northern Ireland,Pillar 2,1,942
19/07/2020,Scotland,Pillar 2,14,2592
19/07/2020,Wales,Pillar 2,2,989
19/07/2020,UK,Pillar 2,374,96127
20/07/2020,England,Pillar 1,146,163495
20/07/2020,Northern Ireland,Pillar 1,2,4896
20/07/2020,Scotland,Pillar 1,0,15877
20/07/2020,Wales,Pillar 1,32,16011
20/07/2020,UK,Pillar 1,180,200279
20/07/2020,England,Pillar 2,608,92212
20/07/2020,Northern Ireland,Pillar 2,1,943
20/07/2020,Scotland,Pillar 2,13,2605
20/07/2020,Wales,Pillar 2,11,1000
20/07/2020,UK,Pillar 2,633,96760
21/07/2020,England,Pillar 1,102,163597
21/07/2020,Northern Ireland,Pillar 1,7,4903
21/07/2020,Scotland,Pillar 1,1,15878
21/07/2020,Wales,Pillar 1,32,16043
21/07/2020,UK,Pillar 1,142,200421
21/07/2020,England,Pillar 2,587,92799
21/07/2020,Northern Ireland,Pillar 2,5,948
21/07/2020,Scotland,Pillar 2,18,2623
21/07/2020,Wales,Pillar 2,29,1029
21/07/2020,UK,Pillar 2,639,97399
22/07/2020,England,Pillar 1,115,163712
22/07/2020,Northern Ireland,Pillar 1,4,4907
22/07/2020,Scotland,Pillar 1,2,15880
22/07/2020,Wales,Pillar 1,12,16055
22/07/2020,UK,Pillar 1,133,200554
22/07/2020,England,Pillar 2,629,93428
22/07/2020,Northern Ireland,Pillar 2,5,953
22/07/2020,Scotland,Pillar 2,14,2637
22/07/2020,Wales,Pillar 2,13,1042
22/07/2020,UK,Pillar 2,661,98060
23/07/2020,England,Pillar 1,129,163841
23/07/2020,Northern Ireland,Pillar 1,3,4910
23/07/2020,Scotland,Pillar 1,2,15882
23/07/2020,Wales,Pillar 1,16,16071
23/07/2020,UK,Pillar 1,150,200704
23/07/2020,England,Pillar 2,601,94029
23/07/2020,Northern Ireland,Pillar 2,9,962
23/07/2020,Scotland,Pillar 2,21,2658
23/07/2020,Wales,Pillar 2,15,1057
23/07/2020,UK,Pillar 2,646,98706
24/07/2020,England,Pillar 1,122,163963
24/07/2020,Northern Ireland,Pillar 1,4,4914
24/07/2020,Scotland,Pillar 1,1,15883
24/07/2020,Wales,Pillar 1,13,16084
24/07/2020,UK,Pillar 1,140,200844
24/07/2020,England,Pillar 2,582,94611
24/07/2020,Northern Ireland,Pillar 2,10,972
24/07/2020,Scotland,Pillar 2,10,2668
24/07/2020,Wales,Pillar 2,17,1074
24/07/2020,UK,Pillar 2,619,99325
25/07/2020,England,Pillar 1,56,164019
25/07/2020,Northern Ireland,Pillar 1,1,4915
25/07/2020,Scotland,Pillar 1,0,15883
25/07/2020,Wales,Pillar 1,14,16098
25/07/2020,UK,Pillar 1,71,200915
25/07/2020,England,Pillar 2,434,95045
25/07/2020,Northern Ireland,Pillar 2,4,976
25/07/2020,Scotland,Pillar 2,3,2671
25/07/2020,Wales,Pillar 2,10,1084
25/07/2020,UK,Pillar 2,451,99776
26/07/2020,England,Pillar 1,54,164073
26/07/2020,Northern Ireland,Pillar 1,0,4915
26/07/2020,Scotland,Pillar 1,1,15884
26/07/2020,Wales,Pillar 1,24,16122
26/07/2020,UK,Pillar 1,79,200994
26/07/2020,England,Pillar 2,460,95505
26/07/2020,Northern Ireland,Pillar 2,3,979
26/07/2020,Scotland,Pillar 2,7,2678
26/07/2020,Wales,Pillar 2,11,1095
26/07/2020,UK,Pillar 2,481,100257
27/07/2020,England,Pillar 1,96,164169
27/07/2020,Northern Ireland,Pillar 1,1,4916
27/07/2020,Scotland,Pillar 1,1,15885
27/07/2020,Wales,Pillar 1,13,16135
27/07/2020,UK,Pillar 1,111,201105
27/07/2020,England,Pillar 2,710,96215
27/07/2020,Northern Ireland,Pillar 2,11,990
27/07/2020,Scotland,Pillar 2,12,2690
27/07/2020,Wales,Pillar 2,10,1105
27/07/2020,UK,Pillar 2,743,101000
28/07/2020,England,Pillar 1,98,164267
28/07/2020,Northern Ireland,Pillar 1,2,4918
28/07/2020,Scotland,Pillar 1,1,15886
28/07/2020,Wales,Pillar 1,12,16147
28/07/2020,UK,Pillar 1,113,201218
28/07/2020,England,Pillar 2,673,96888
28/07/2020,Northern Ireland,Pillar 2,13,1003
28/07/2020,Scotland,Pillar 2,20,2710
28/07/2020,Wales,Pillar 2,15,1120
28/07/2020,UK,Pillar 2,721,101721
29/07/2020,England,Pillar 1,106,164373
29/07/2020,Northern Ireland,Pillar 1,1,4919
29/07/2020,Scotland,Pillar 1,4,15890
29/07/2020,Wales,Pillar 1,18,16165
29/07/2020,UK,Pillar 1,129,201347
29/07/2020,England,Pillar 2,845,97733
29/07/2020,Northern Ireland,Pillar 2,12,1015
29/07/2020,Scotland,Pillar 2,24,2734
29/07/2020,Wales,Pillar 2,9,1129
29/07/2020,UK,Pillar 2,890,102611
30/07/2020,England,Pillar 1,71,164444
30/07/2020,Northern Ireland,Pillar 1,4,4923
30/07/2020,Scotland,Pillar 1,1,15891
30/07/2020,Wales,Pillar 1,13,16178
30/07/2020,UK,Pillar 1,89,201436
30/07/2020,England,Pillar 2,727,98460
30/07/2020,Northern Ireland,Pillar 2,7,1022
30/07/2020,Scotland,Pillar 2,26,2760
30/07/2020,Wales,Pillar 2,16,1145
30/07/2020,UK,Pillar 2,776,103387
31/07/2020,England,Pillar 1,97,164541
31/07/2020,Northern Ireland,Pillar 1,1,4924
31/07/2020,Scotland,Pillar 1,0,15891
31/07/2020,Wales,Pillar 1,9,16187
31/07/2020,UK,Pillar 1,107,201543
31/07/2020,England,Pillar 2,438,98898
31/07/2020,Northern Ireland,Pillar 2,16,1038
31/07/2020,Scotland,Pillar 2,21,2781
31/07/2020,Wales,Pillar 2,7,1152
31/07/2020,UK,Pillar 2,482,103869
01/08/2020,England,Pillar 1,42,164583
01/08/2020,Northern Ireland,Pillar 1,2,4926
01/08/2020,Scotland,Pillar 1,4,15895
01/08/2020,Wales,Pillar 1,9,16196
01/08/2020,UK,Pillar 1,57,201600
01/08/2020,England,Pillar 2,385,99283
01/08/2020,Northern Ireland,Pillar 2,7,1045
01/08/2020,Scotland,Pillar 2,19,2800
01/08/2020,Wales,Pillar 2,5,1157
01/08/2020,UK,Pillar 2,416,104285
02/08/2020,England,Pillar 1,17,164600
02/08/2020,Northern Ireland,Pillar 1,1,4927
02/08/2020,Scotland,Pillar 1,0,15895
02/08/2020,Wales,Pillar 1,3,16199
02/08/2020,UK,Pillar 1,21,201621
02/08/2020,England,Pillar 2,300,99583
02/08/2020,Northern Ireland,Pillar 2,12,1057
02/08/2020,Scotland,Pillar 2,17,2817
02/08/2020,Wales,Pillar 2,4,1161
02/08/2020,UK,Pillar 2,333,104618
03/08/2020,England,Pillar 1,5,164605
03/08/2020,Northern Ireland,Pillar 1,3,4930
03/08/2020,Scotland,Pillar 1,3,15898
03/08/2020,Wales,Pillar 1,1,16200
03/08/2020,UK,Pillar 1,12,201633
03/08/2020,England,Pillar 2,31,99614
03/08/2020,Northern Ireland,Pillar 2,9,1066
03/08/2020,Scotland,Pillar 2,2,2819
03/08/2020,Wales,Pillar 2,0,1161
03/08/2020,UK,Pillar 2,42,104660
